156.0,196.0,494.0,197.0,374.0,869.0,226.0,770.0,218.0,345.0,523.0,283.0,593.0,401.0,583.0,316.0,413.0,606.0,236.0,557.0,416.0,694.0,597.0,347.0,348.0,477.0,492.0,444.0,387.0,1259.0,986.0,261.0,335.0,398.0,720.0,951.0,453.0,200.0,161.0,473.0,454.0,666.0,281.0,442.0,461.0,444.0,891.0,220.0,317.0,470.0,401.0,399.0,278.0,853.0,399.0,225.0,486.0,532.0,442.0,190.0,227.0,449.0,1566.0,384.0,308.0,576.0,165.0,313.0,636.0,328.0,700.0,601.0,409.0,694.0,472.0,926.0,410.0,662.0,339.0,231.0,465.0,1914.0,813.0,742.0,593.0,705.0,259.0,390.0,183.0,288.0,255.0,164.0,1253.0,940.0,565.0,248.0,256.0,603.0,537.0,277.0,561.0,195.0,447.0,437.0,170.0,591.0,493.0,174.0,415.0,437.0,235.0,385.0,225.0,487.0,205.0,813.0,939.0,223.0,612.0,619.0,463.0,1244.0,405.0,311.0,491.0,496.0,806.0,504.0,1066.0,650.0,291.0,456.0,394.0,302.0,409.0,366.0,473.0,348.0,352.0,570.0,310.0,222.0,292.0,161.0,717.0,229.0,150.0,1185.0,169.0,205.0,253.0,573.0,335.0,558.0,747.0,384.0,957.0,321.0,464.0,679.0,539.0,335.0,618.0,403.0,312.0,582.0,213.0,540.0,224.0,207.0,644.0,384.0,827.0,579.0,606.0,655.0,264.0,366.0,569.0,213.0,304.0,226.0,297.0,1687.0,200.0,296.0,185.0,688.0,607.0,524.0,296.0,617.0,269.0,432.0,325.0,383.0,156.0,663.0,728.0,424.0,482.0,558.0,606.0,546.0,263.0,321.0,348.0,287.0,612.0,269.0,220.0,509.0,165.0,1713.0,645.0,619.0,180.0,407.0,214.0,859.0,307.0,282.0,372.0,286.0,234.0,406.0,202.0,428.0,240.0,344.0,462.0,435.0,472.0,224.0,563.0,423.0,446.0,1082.0,156.0,188.0,237.0,265.0,590.0,606.0,783.0,413.0,193.0,348.0,440.0,289.0,774.0,642.0,1168.0,458.0,890.0,170.0,375.0,244.0,362.0,951.0,438.0,374.0,355.0,270.0,170.0,536.0,327.0,461.0,473.0,273.0,252.0,429.0,305.0,342.0,186.0,566.0,573.0,397.0,215.0,545.0,196.0,281.0,648.0,501.0,313.0,214.0,225.0,196.0,532.0,722.0,196.0,210.0,323.0,486.0,638.0,960.0,319.0,188.0,676.0,938.0,175.0,1303.0,258.0,1827.0,386.0,1088.0,225.0,344.0,859.0,306.0,151.0,614.0,497.0,334.0,309.0,341.0,583.0,195.0,189.0,202.0,269.0,163.0,288.0,481.0,836.0,894.0,164.0,727.0,405.0,361.0,197.0,690.0,447.0,504.0,172.0,216.0,255.0,210.0,759.0,409.0,479.0,738.0,321.0,619.0,657.0,382.0,659.0,503.0,208.0,172.0,471.0,283.0,274.0,197.0,253.0,197.0,309.0,587.0,170.0,762.0,430.0,322.0,650.0,405.0,552.0,407.0,422.0,230.0,422.0,188.0,341.0,169.0,236.0,177.0,163.0
218.0,206.0,649.0,785.0,777.0,279.0,284.0,358.0,498.0,412.0,581.0,211.0,386.0,151.0,211.0,316.0,635.0,731.0,421.0,240.0,505.0,465.0,933.0,399.0,390.0,423.0,294.0,251.0,178.0,504.0,433.0,717.0,869.0,402.0,1069.0,940.0,237.0,403.0,162.0,562.0,490.0,945.0,436.0,382.0,254.0,630.0,396.0,710.0,278.0,294.0,351.0,299.0,730.0,786.0,349.0,503.0,277.0,477.0,463.0,284.0,1320.0,698.0,317.0,152.0,457.0,671.0,610.0,359.0,414.0,647.0,846.0,153.0,408.0,939.0,959.0,582.0,326.0,1164.0,1149.0,620.0,254.0,687.0,381.0,584.0,212.0,244.0,171.0,2077.0,270.0,271.0,219.0,168.0,286.0,572.0,323.0,263.0,694.0,190.0,469.0,406.0,506.0,752.0,409.0,151.0,213.0,441.0,227.0,378.0,502.0,211.0,455.0,803.0,1122.0,881.0,659.0,286.0,453.0,1438.0,986.0,508.0,275.0,978.0,234.0,523.0,677.0,634.0,299.0,282.0,253.0,321.0,159.0,603.0,372.0,273.0,274.0,320.0,480.0,368.0,670.0,167.0,1895.0,498.0,725.0,555.0,396.0,281.0,570.0,598.0,698.0,408.0,701.0,316.0,770.0,1104.0,266.0,235.0,554.0,173.0,574.0,371.0,288.0,192.0,200.0,313.0,643.0,1462.0,333.0,164.0,491.0,162.0,568.0,601.0,185.0,583.0,233.0,359.0,262.0,454.0,443.0,350.0,357.0,522.0,175.0,718.0,489.0,646.0,413.0,615.0,469.0,317.0,597.0,526.0,561.0,305.0,222.0,763.0,235.0,624.0,298.0,561.0,191.0,290.0,588.0,237.0,295.0,406.0,391.0,351.0,251.0,178.0,486.0,463.0,354.0,414.0,249.0,590.0,513.0,1099.0,480.0,892.0,862.0,642.0,772.0,1197.0,468.0,454.0,302.0,565.0,312.0,542.0,794.0,243.0,951.0,346.0,575.0,566.0,374.0,391.0,276.0,1046.0,407.0,447.0,493.0,511.0,632.0,315.0,251.0,352.0,306.0,315.0,436.0,241.0,534.0,151.0,766.0,289.0,632.0,212.0,253.0,165.0,1081.0,166.0,678.0,213.0,462.0,526.0,275.0,329.0,302.0,170.0,1100.0,202.0,245.0,316.0,465.0,361.0,666.0,487.0,717.0,176.0,519.0,367.0,654.0,313.0,919.0,337.0,249.0,417.0,461.0,169.0,189.0,199.0,251.0,155.0,173.0,303.0,837.0,229.0,794.0,408.0,471.0,335.0,680.0,402.0,700.0,178.0,556.0,213.0,218.0,470.0,494.0,399.0,500.0,179.0,485.0,705.0,298.0,578.0,411.0,750.0,459.0,675.0,452.0,879.0,283.0,925.0,278.0,150.0,224.0,195.0,333.0,591.0,215.0,237.0,808.0,295.0,423.0,163.0,417.0,445.0,193.0,343.0,332.0,154.0,0.0,0.0,0.0,0.0,0.0,0.0,0.0,0.0,0.0,0.0,0.0,0.0,0.0,0.0,0.0,0.0,0.0,0.0,0.0,0.0,0.0,0.0,0.0,0.0,0.0,0.0,0.0,0.0,0.0,0.0,0.0
327.0,330.0,547.0,744.0,425.0,196.0,804.0,346.0,400.0,183.0,600.0,539.0,281.0,1605.0,333.0,354.0,1426.0,277.0,613.0,264.0,618.0,558.0,434.0,402.0,529.0,345.0,443.0,155.0,277.0,489.0,419.0,449.0,429.0,740.0,274.0,1313.0,487.0,370.0,611.0,963.0,409.0,517.0,290.0,511.0,787.0,869.0,415.0,673.0,399.0,655.0,357.0,256.0,364.0,764.0,254.0,461.0,489.0,304.0,505.0,197.0,218.0,534.0,391.0,183.0,666.0,157.0,723.0,361.0,453.0,811.0,627.0,562.0,483.0,164.0,739.0,968.0,606.0,815.0,330.0,585.0,1072.0,729.0,1064.0,390.0,312.0,564.0,188.0,542.0,187.0,224.0,933.0,192.0,325.0,304.0,228.0,356.0,306.0,689.0,245.0,598.0,498.0,557.0,408.0,572.0,395.0,188.0,169.0,428.0,471.0,213.0,430.0,1050.0,768.0,572.0,1347.0,259.0,945.0,837.0,1042.0,438.0,642.0,365.0,846.0,575.0,651.0,503.0,377.0,285.0,317.0,279.0,386.0,245.0,568.0,374.0,175.0,276.0,384.0,361.0,660.0,534.0,605.0,336.0,367.0,825.0,699.0,198.0,579.0,431.0,731.0,857.0,450.0,592.0,343.0,557.0,1089.0,735.0,156.0,306.0,250.0,233.0,576.0,181.0,563.0,506.0,335.0,341.0,206.0,186.0,555.0,591.0,1354.0,571.0,382.0,338.0,171.0,485.0,493.0,553.0,443.0,710.0,336.0,1126.0,829.0,405.0,741.0,468.0,548.0,496.0,704.0,278.0,479.0,578.0,287.0,298.0,565.0,576.0,839.0,300.0,586.0,345.0,423.0,244.0,444.0,290.0,584.0,378.0,487.0,469.0,377.0,376.0,235.0,513.0,611.0,1038.0,571.0,167.0,151.0,440.0,962.0,648.0,878.0,644.0,217.0,291.0,476.0,666.0,314.0,319.0,470.0,247.0,625.0,629.0,364.0,874.0,169.0,578.0,682.0,805.0,200.0,479.0,595.0,960.0,486.0,451.0,495.0,309.0,427.0,762.0,296.0,622.0,680.0,473.0,236.0,197.0,284.0,163.0,204.0,263.0,657.0,376.0,309.0,197.0,760.0,291.0,1049.0,152.0,292.0,591.0,724.0,869.0,307.0,383.0,573.0,335.0,186.0,425.0,373.0,475.0,1061.0,337.0,371.0,424.0,946.0,157.0,277.0,196.0,185.0,255.0,167.0,235.0,637.0,394.0,741.0,913.0,242.0,805.0,457.0,219.0,510.0,407.0,213.0,156.0,598.0,848.0,190.0,174.0,343.0,807.0,643.0,662.0,290.0,349.0,470.0,726.0,632.0,1138.0,264.0,157.0,184.0,351.0,346.0,203.0,219.0,672.0,649.0,753.0,423.0,387.0,357.0,161.0,182.0,289.0,314.0,0.0,0.0,0.0,0.0,0.0,0.0,0.0,0.0,0.0,0.0,0.0,0.0,0.0,0.0,0.0,0.0,0.0,0.0,0.0,0.0,0.0,0.0,0.0,0.0,0.0,0.0,0.0,0.0,0.0,0.0,0.0,0.0,0.0,0.0,0.0,0.0,0.0,0.0,0.0,0.0,0.0,0.0
348.0,1422.0,343.0,534.0,290.0,564.0,433.0,210.0,786.0,179.0,618.0,340.0,536.0,1296.0,164.0,376.0,222.0,538.0,518.0,216.0,220.0,664.0,550.0,422.0,369.0,1023.0,382.0,432.0,240.0,485.0,414.0,417.0,405.0,833.0,618.0,1104.0,270.0,928.0,462.0,407.0,400.0,885.0,447.0,621.0,299.0,365.0,638.0,395.0,749.0,192.0,382.0,312.0,834.0,377.0,381.0,1157.0,501.0,485.0,220.0,671.0,402.0,486.0,771.0,386.0,459.0,455.0,1239.0,185.0,742.0,430.0,966.0,976.0,298.0,773.0,1067.0,357.0,688.0,927.0,170.0,607.0,181.0,309.0,874.0,830.0,212.0,335.0,292.0,264.0,657.0,231.0,690.0,511.0,164.0,550.0,415.0,392.0,177.0,371.0,227.0,206.0,417.0,207.0,247.0,572.0,776.0,1034.0,1224.0,781.0,271.0,859.0,450.0,323.0,915.0,950.0,622.0,562.0,350.0,491.0,431.0,950.0,263.0,656.0,294.0,197.0,159.0,328.0,245.0,390.0,544.0,226.0,244.0,576.0,321.0,362.0,610.0,757.0,1358.0,1121.0,779.0,467.0,455.0,759.0,857.0,395.0,705.0,156.0,280.0,584.0,596.0,236.0,179.0,525.0,213.0,163.0,449.0,1175.0,451.0,550.0,389.0,625.0,519.0,518.0,317.0,1080.0,443.0,480.0,442.0,1185.0,270.0,403.0,559.0,485.0,686.0,537.0,268.0,478.0,295.0,890.0,1385.0,403.0,532.0,256.0,167.0,892.0,275.0,264.0,717.0,563.0,415.0,985.0,454.0,403.0,380.0,516.0,657.0,160.0,576.0,396.0,152.0,652.0,774.0,670.0,470.0,801.0,1120.0,248.0,465.0,639.0,262.0,930.0,565.0,663.0,927.0,530.0,652.0,813.0,529.0,513.0,471.0,805.0,873.0,532.0,287.0,633.0,549.0,258.0,792.0,488.0,225.0,162.0,758.0,201.0,164.0,286.0,283.0,190.0,322.0,398.0,594.0,281.0,732.0,584.0,910.0,223.0,1421.0,577.0,308.0,418.0,169.0,356.0,362.0,433.0,365.0,294.0,1017.0,153.0,251.0,1014.0,182.0,482.0,174.0,630.0,227.0,832.0,289.0,708.0,218.0,769.0,419.0,746.0,163.0,207.0,553.0,568.0,282.0,814.0,327.0,607.0,631.0,572.0,215.0,724.0,514.0,638.0,896.0,151.0,234.0,190.0,327.0,377.0,419.0,643.0,379.0,659.0,546.0,317.0,155.0,307.0,164.0,332.0,156.0,0.0,0.0,0.0,0.0,0.0,0.0,0.0,0.0,0.0,0.0,0.0,0.0,0.0,0.0,0.0,0.0,0.0,0.0,0.0,0.0,0.0,0.0,0.0,0.0,0.0,0.0,0.0,0.0,0.0,0.0,0.0,0.0,0.0,0.0,0.0,0.0,0.0,0.0,0.0,0.0,0.0,0.0,0.0,0.0,0.0,0.0,0.0,0.0,0.0,0.0,0.0,0.0,0.0,0.0,0.0,0.0,0.0,0.0,0.0,0.0,0.0,0.0,0.0,0.0,0.0,0.0,0.0,0.0,0.0,0.0,0.0,0.0,0.0,0.0
178.0,322.0,1027.0,458.0,205.0,505.0,271.0,687.0,411.0,835.0,665.0,211.0,682.0,570.0,237.0,684.0,1294.0,242.0,586.0,337.0,261.0,574.0,396.0,804.0,594.0,446.0,952.0,394.0,296.0,438.0,483.0,426.0,452.0,922.0,729.0,1362.0,444.0,303.0,379.0,156.0,851.0,182.0,517.0,888.0,596.0,905.0,330.0,654.0,594.0,730.0,444.0,1014.0,346.0,827.0,202.0,547.0,546.0,178.0,238.0,872.0,475.0,555.0,405.0,685.0,411.0,464.0,478.0,866.0,170.0,152.0,1177.0,451.0,663.0,341.0,1016.0,763.0,1121.0,351.0,693.0,375.0,1545.0,189.0,216.0,1032.0,269.0,174.0,341.0,366.0,776.0,326.0,716.0,636.0,332.0,515.0,729.0,432.0,370.0,751.0,214.0,424.0,204.0,216.0,852.0,438.0,518.0,1013.0,214.0,835.0,485.0,1120.0,904.0,939.0,633.0,524.0,576.0,361.0,481.0,693.0,929.0,298.0,259.0,429.0,166.0,597.0,277.0,195.0,372.0,253.0,583.0,552.0,342.0,512.0,198.0,400.0,293.0,646.0,1859.0,1862.0,452.0,743.0,442.0,159.0,176.0,722.0,383.0,570.0,596.0,315.0,526.0,253.0,194.0,356.0,563.0,238.0,165.0,445.0,440.0,558.0,1372.0,741.0,335.0,593.0,536.0,902.0,455.0,280.0,496.0,184.0,1095.0,535.0,984.0,400.0,446.0,536.0,721.0,306.0,751.0,302.0,1190.0,405.0,592.0,254.0,585.0,176.0,1049.0,422.0,368.0,384.0,390.0,316.0,273.0,683.0,162.0,402.0,1333.0,1026.0,583.0,517.0,151.0,820.0,679.0,753.0,820.0,505.0,385.0,655.0,640.0,924.0,1564.0,467.0,1003.0,1985.0,568.0,632.0,596.0,709.0,477.0,731.0,836.0,157.0,535.0,516.0,400.0,236.0,771.0,276.0,225.0,338.0,498.0,204.0,168.0,718.0,613.0,151.0,283.0,153.0,272.0,589.0,471.0,973.0,606.0,163.0,1226.0,549.0,332.0,183.0,334.0,322.0,328.0,417.0,1063.0,733.0,296.0,189.0,1083.0,398.0,523.0,249.0,796.0,922.0,711.0,234.0,174.0,403.0,210.0,911.0,599.0,537.0,230.0,601.0,881.0,557.0,536.0,264.0,799.0,641.0,515.0,945.0,355.0,235.0,631.0,425.0,649.0,1002.0,401.0,513.0,328.0,305.0,192.0,163.0,0.0,0.0,0.0,0.0,0.0,0.0,0.0,0.0,0.0,0.0,0.0,0.0,0.0,0.0,0.0,0.0,0.0,0.0,0.0,0.0,0.0,0.0,0.0,0.0,0.0,0.0,0.0,0.0,0.0,0.0,0.0,0.0,0.0,0.0,0.0,0.0,0.0,0.0,0.0,0.0,0.0,0.0,0.0,0.0,0.0,0.0,0.0,0.0,0.0,0.0,0.0,0.0,0.0,0.0,0.0,0.0,0.0,0.0,0.0,0.0,0.0,0.0,0.0,0.0,0.0,0.0,0.0,0.0,0.0,0.0,0.0,0.0,0.0,0.0,0.0,0.0,0.0,0.0,0.0,0.0,0.0,0.0,0.0,0.0,0.0
285.0,912.0,462.0,542.0,1766.0,782.0,398.0,357.0,199.0,573.0,706.0,623.0,155.0,573.0,417.0,317.0,1480.0,1264.0,343.0,283.0,1047.0,528.0,583.0,979.0,312.0,881.0,494.0,496.0,457.0,470.0,799.0,1616.0,348.0,767.0,207.0,895.0,546.0,155.0,923.0,295.0,557.0,584.0,502.0,464.0,869.0,456.0,649.0,349.0,182.0,969.0,508.0,237.0,352.0,506.0,238.0,234.0,535.0,654.0,882.0,424.0,1060.0,299.0,473.0,457.0,163.0,1149.0,1431.0,1058.0,1096.0,374.0,1117.0,733.0,428.0,1327.0,1029.0,192.0,271.0,162.0,366.0,345.0,678.0,821.0,713.0,844.0,271.0,318.0,498.0,407.0,787.0,390.0,244.0,916.0,444.0,189.0,225.0,1096.0,544.0,453.0,2133.0,204.0,679.0,792.0,471.0,1304.0,513.0,610.0,334.0,506.0,485.0,479.0,925.0,248.0,342.0,288.0,255.0,150.0,714.0,542.0,550.0,497.0,577.0,435.0,187.0,496.0,1559.0,1481.0,1204.0,1827.0,884.0,709.0,885.0,740.0,287.0,245.0,203.0,604.0,419.0,664.0,429.0,555.0,736.0,682.0,918.0,346.0,1032.0,1343.0,280.0,519.0,996.0,509.0,754.0,185.0,1065.0,420.0,725.0,787.0,1282.0,297.0,1172.0,287.0,374.0,542.0,306.0,384.0,394.0,895.0,308.0,343.0,578.0,442.0,175.0,541.0,1098.0,592.0,458.0,802.0,546.0,742.0,553.0,504.0,803.0,346.0,810.0,708.0,630.0,915.0,1322.0,1534.0,1970.0,546.0,893.0,419.0,644.0,502.0,564.0,752.0,621.0,162.0,234.0,284.0,150.0,477.0,279.0,230.0,156.0,696.0,1073.0,259.0,189.0,721.0,550.0,168.0,291.0,205.0,1032.0,1867.0,657.0,164.0,170.0,617.0,193.0,524.0,404.0,359.0,442.0,324.0,1073.0,497.0,741.0,198.0,299.0,872.0,195.0,337.0,465.0,943.0,757.0,600.0,935.0,301.0,215.0,172.0,201.0,662.0,916.0,802.0,289.0,623.0,622.0,808.0,609.0,524.0,953.0,218.0,372.0,231.0,990.0,840.0,380.0,416.0,218.0,702.0,219.0,194.0,150.0,0.0,0.0,0.0,0.0,0.0,0.0,0.0,0.0,0.0,0.0,0.0,0.0,0.0,0.0,0.0,0.0,0.0,0.0,0.0,0.0,0.0,0.0,0.0,0.0,0.0,0.0,0.0,0.0,0.0,0.0,0.0,0.0,0.0,0.0,0.0,0.0,0.0,0.0,0.0,0.0,0.0,0.0,0.0,0.0,0.0,0.0,0.0,0.0,0.0,0.0,0.0,0.0,0.0,0.0,0.0,0.0,0.0,0.0,0.0,0.0,0.0,0.0,0.0,0.0,0.0,0.0,0.0,0.0,0.0,0.0,0.0,0.0,0.0,0.0,0.0,0.0,0.0,0.0,0.0,0.0,0.0,0.0,0.0,0.0,0.0,0.0,0.0,0.0,0.0,0.0,0.0,0.0,0.0,0.0,0.0,0.0,0.0,0.0,0.0,0.0,0.0,0.0,0.0,0.0,0.0,0.0,0.0,0.0,0.0,0.0
228.0,487.0,1111.0,1041.0,552.0,1274.0,304.0,473.0,1384.0,547.0,156.0,646.0,618.0,608.0,1189.0,331.0,1207.0,243.0,1228.0,164.0,1007.0,439.0,1008.0,438.0,368.0,307.0,488.0,502.0,644.0,350.0,857.0,762.0,2152.0,428.0,811.0,215.0,158.0,501.0,337.0,610.0,937.0,486.0,451.0,850.0,401.0,457.0,975.0,1256.0,258.0,603.0,234.0,290.0,525.0,465.0,313.0,804.0,456.0,1576.0,843.0,154.0,462.0,1726.0,1113.0,349.0,951.0,2124.0,972.0,1278.0,213.0,362.0,234.0,758.0,320.0,1686.0,481.0,304.0,742.0,1710.0,322.0,375.0,789.0,244.0,512.0,826.0,207.0,562.0,225.0,207.0,479.0,625.0,1222.0,882.0,811.0,1119.0,639.0,808.0,294.0,459.0,411.0,476.0,249.0,303.0,521.0,203.0,680.0,951.0,416.0,631.0,276.0,573.0,206.0,363.0,1703.0,485.0,1831.0,1187.0,724.0,768.0,414.0,691.0,151.0,823.0,759.0,311.0,216.0,233.0,514.0,384.0,200.0,558.0,437.0,705.0,934.0,334.0,835.0,528.0,293.0,947.0,1303.0,900.0,180.0,890.0,465.0,1114.0,575.0,727.0,330.0,768.0,166.0,308.0,1201.0,381.0,517.0,1213.0,358.0,265.0,408.0,893.0,363.0,448.0,1146.0,915.0,378.0,393.0,195.0,576.0,1024.0,787.0,802.0,864.0,784.0,648.0,328.0,483.0,722.0,902.0,622.0,1445.0,980.0,436.0,156.0,1176.0,591.0,663.0,1335.0,513.0,791.0,1216.0,222.0,662.0,616.0,509.0,239.0,151.0,305.0,432.0,229.0,301.0,208.0,710.0,260.0,350.0,794.0,200.0,587.0,1059.0,1774.0,182.0,695.0,156.0,607.0,343.0,364.0,405.0,1057.0,479.0,467.0,313.0,198.0,499.0,799.0,898.0,187.0,340.0,1632.0,751.0,669.0,206.0,431.0,177.0,151.0,908.0,883.0,640.0,904.0,845.0,272.0,595.0,808.0,1451.0,1022.0,1012.0,262.0,223.0,352.0,428.0,865.0,453.0,263.0,165.0,186.0,0.0,0.0,0.0,0.0,0.0,0.0,0.0,0.0,0.0,0.0,0.0,0.0,0.0,0.0,0.0,0.0,0.0,0.0,0.0,0.0,0.0,0.0,0.0,0.0,0.0,0.0,0.0,0.0,0.0,0.0,0.0,0.0,0.0,0.0,0.0,0.0,0.0,0.0,0.0,0.0,0.0,0.0,0.0,0.0,0.0,0.0,0.0,0.0,0.0,0.0,0.0,0.0,0.0,0.0,0.0,0.0,0.0,0.0,0.0,0.0,0.0,0.0,0.0,0.0,0.0,0.0,0.0,0.0,0.0,0.0,0.0,0.0,0.0,0.0,0.0,0.0,0.0,0.0,0.0,0.0,0.0,0.0,0.0,0.0,0.0,0.0,0.0,0.0,0.0,0.0,0.0,0.0,0.0,0.0,0.0,0.0,0.0,0.0,0.0,0.0,0.0,0.0,0.0,0.0,0.0,0.0,0.0,0.0,0.0,0.0,0.0,0.0,0.0,0.0,0.0,0.0,0.0,0.0,0.0,0.0,0.0,0.0,0.0,0.0
685.0,525.0,967.0,609.0,1320.0,487.0,1365.0,429.0,575.0,1314.0,684.0,166.0,611.0,1113.0,1220.0,1275.0,298.0,1089.0,164.0,1097.0,406.0,493.0,445.0,374.0,476.0,504.0,488.0,815.0,1864.0,352.0,531.0,795.0,821.0,461.0,197.0,157.0,523.0,163.0,649.0,344.0,728.0,938.0,886.0,516.0,455.0,203.0,390.0,981.0,949.0,421.0,545.0,412.0,227.0,560.0,319.0,739.0,444.0,1011.0,1074.0,444.0,2111.0,487.0,158.0,2043.0,386.0,837.0,1145.0,1895.0,915.0,206.0,352.0,873.0,451.0,1491.0,395.0,335.0,697.0,1551.0,407.0,1033.0,488.0,234.0,288.0,497.0,588.0,864.0,233.0,685.0,919.0,713.0,1114.0,1267.0,844.0,786.0,263.0,402.0,295.0,513.0,580.0,155.0,602.0,212.0,460.0,749.0,634.0,375.0,982.0,278.0,596.0,190.0,1626.0,513.0,1080.0,883.0,1849.0,1272.0,305.0,1015.0,784.0,213.0,751.0,215.0,416.0,656.0,445.0,227.0,756.0,610.0,1116.0,180.0,356.0,764.0,1407.0,308.0,805.0,929.0,470.0,1012.0,1094.0,261.0,1104.0,649.0,1007.0,813.0,1283.0,168.0,349.0,396.0,683.0,950.0,1004.0,361.0,321.0,480.0,1222.0,441.0,823.0,406.0,171.0,161.0,580.0,565.0,794.0,915.0,843.0,714.0,574.0,332.0,1351.0,764.0,1198.0,954.0,189.0,1286.0,208.0,447.0,542.0,960.0,1226.0,853.0,1156.0,1219.0,679.0,544.0,189.0,254.0,161.0,332.0,297.0,674.0,445.0,227.0,206.0,686.0,820.0,295.0,334.0,251.0,157.0,239.0,658.0,163.0,1062.0,1634.0,151.0,650.0,588.0,194.0,346.0,530.0,415.0,394.0,1090.0,825.0,361.0,180.0,992.0,506.0,943.0,382.0,609.0,183.0,305.0,1066.0,784.0,168.0,859.0,882.0,682.0,1945.0,293.0,692.0,809.0,714.0,175.0,1465.0,680.0,218.0,534.0,989.0,234.0,421.0,894.0,485.0,408.0,210.0,0.0,0.0,0.0,0.0,0.0,0.0,0.0,0.0,0.0,0.0,0.0,0.0,0.0,0.0,0.0,0.0,0.0,0.0,0.0,0.0,0.0,0.0,0.0,0.0,0.0,0.0,0.0,0.0,0.0,0.0,0.0,0.0,0.0,0.0,0.0,0.0,0.0,0.0,0.0,0.0,0.0,0.0,0.0,0.0,0.0,0.0,0.0,0.0,0.0,0.0,0.0,0.0,0.0,0.0,0.0,0.0,0.0,0.0,0.0,0.0,0.0,0.0,0.0,0.0,0.0,0.0,0.0,0.0,0.0,0.0,0.0,0.0,0.0,0.0,0.0,0.0,0.0,0.0,0.0,0.0,0.0,0.0,0.0,0.0,0.0,0.0,0.0,0.0,0.0,0.0,0.0,0.0,0.0,0.0,0.0,0.0,0.0,0.0,0.0,0.0,0.0,0.0,0.0,0.0,0.0,0.0,0.0,0.0,0.0,0.0,0.0,0.0,0.0,0.0,0.0,0.0,0.0,0.0,0.0,0.0,0.0,0.0,0.0,0.0,0.0,0.0,0.0,0.0,0.0
633.0,337.0,737.0,194.0,1398.0,1197.0,523.0,1233.0,278.0,421.0,1319.0,939.0,612.0,1516.0,173.0,555.0,414.0,405.0,544.0,855.0,541.0,1579.0,357.0,818.0,579.0,874.0,150.0,184.0,619.0,635.0,370.0,443.0,938.0,1039.0,750.0,198.0,543.0,928.0,389.0,983.0,568.0,372.0,180.0,602.0,455.0,742.0,337.0,485.0,1022.0,1116.0,2070.0,509.0,341.0,1150.0,183.0,1693.0,159.0,872.0,1768.0,230.0,922.0,363.0,240.0,747.0,358.0,1463.0,449.0,307.0,758.0,154.0,898.0,507.0,1460.0,240.0,182.0,246.0,881.0,545.0,1711.0,207.0,776.0,686.0,882.0,2121.0,875.0,352.0,299.0,541.0,597.0,224.0,384.0,584.0,454.0,390.0,618.0,986.0,732.0,897.0,233.0,1838.0,502.0,1104.0,1905.0,730.0,1235.0,791.0,310.0,960.0,201.0,230.0,728.0,425.0,618.0,417.0,780.0,791.0,354.0,173.0,1473.0,840.0,839.0,293.0,913.0,1142.0,490.0,2015.0,186.0,1074.0,1137.0,153.0,608.0,821.0,168.0,357.0,394.0,643.0,882.0,1022.0,335.0,988.0,332.0,466.0,1228.0,1211.0,827.0,404.0,640.0,569.0,843.0,713.0,839.0,342.0,532.0,746.0,657.0,2311.0,1074.0,182.0,1249.0,204.0,986.0,564.0,922.0,555.0,743.0,1170.0,880.0,1076.0,263.0,169.0,302.0,346.0,239.0,502.0,573.0,213.0,900.0,412.0,356.0,233.0,207.0,662.0,254.0,590.0,1067.0,1684.0,738.0,159.0,192.0,701.0,414.0,388.0,996.0,533.0,1069.0,183.0,319.0,530.0,1035.0,1140.0,537.0,177.0,1084.0,832.0,343.0,180.0,863.0,1732.0,782.0,272.0,178.0,1590.0,680.0,966.0,728.0,834.0,641.0,384.0,1059.0,229.0,256.0,460.0,434.0,1147.0,169.0,699.0,870.0,672.0,434.0,324.0,305.0,0.0,0.0,0.0,0.0,0.0,0.0,0.0,0.0,0.0,0.0,0.0,0.0,0.0,0.0,0.0,0.0,0.0,0.0,0.0,0.0,0.0,0.0,0.0,0.0,0.0,0.0,0.0,0.0,0.0,0.0,0.0,0.0,0.0,0.0,0.0,0.0,0.0,0.0,0.0,0.0,0.0,0.0,0.0,0.0,0.0,0.0,0.0,0.0,0.0,0.0,0.0,0.0,0.0,0.0,0.0,0.0,0.0,0.0,0.0,0.0,0.0,0.0,0.0,0.0,0.0,0.0,0.0,0.0,0.0,0.0,0.0,0.0,0.0,0.0,0.0,0.0,0.0,0.0,0.0,0.0,0.0,0.0,0.0,0.0,0.0,0.0,0.0,0.0,0.0,0.0,0.0,0.0,0.0,0.0,0.0,0.0,0.0,0.0,0.0,0.0,0.0,0.0,0.0,0.0,0.0,0.0,0.0,0.0,0.0,0.0,0.0,0.0,0.0,0.0,0.0,0.0,0.0,0.0,0.0,0.0,0.0,0.0,0.0,0.0,0.0,0.0,0.0,0.0,0.0,0.0,0.0,0.0,0.0,0.0,0.0,0.0,0.0,0.0,0.0,0.0,0.0,0.0,0.0,0.0
706.0,175.0,526.0,1127.0,1767.0,1113.0,518.0,1828.0,741.0,183.0,1422.0,359.0,441.0,1181.0,587.0,978.0,584.0,1750.0,1303.0,1012.0,450.0,409.0,557.0,1160.0,1711.0,534.0,850.0,814.0,509.0,529.0,182.0,600.0,669.0,365.0,978.0,482.0,1087.0,931.0,508.0,1076.0,225.0,707.0,437.0,547.0,604.0,354.0,229.0,389.0,602.0,451.0,736.0,991.0,511.0,1131.0,1793.0,504.0,355.0,935.0,181.0,1176.0,2047.0,152.0,1783.0,246.0,889.0,316.0,305.0,745.0,1650.0,795.0,389.0,363.0,420.0,160.0,1522.0,829.0,155.0,550.0,188.0,244.0,305.0,911.0,532.0,642.0,855.0,215.0,696.0,860.0,1157.0,661.0,828.0,1573.0,343.0,276.0,612.0,415.0,589.0,284.0,1132.0,391.0,791.0,265.0,1028.0,639.0,1045.0,238.0,1778.0,522.0,2098.0,626.0,1353.0,868.0,346.0,812.0,225.0,262.0,995.0,451.0,668.0,451.0,685.0,1589.0,774.0,372.0,2051.0,160.0,1023.0,282.0,682.0,942.0,816.0,154.0,498.0,1031.0,638.0,1123.0,357.0,168.0,870.0,412.0,628.0,1024.0,951.0,1711.0,1457.0,347.0,505.0,1218.0,933.0,431.0,630.0,620.0,918.0,927.0,533.0,356.0,764.0,960.0,1174.0,190.0,1247.0,1325.0,203.0,802.0,153.0,589.0,979.0,1054.0,903.0,1246.0,1177.0,1065.0,266.0,173.0,389.0,304.0,382.0,231.0,545.0,606.0,898.0,215.0,382.0,223.0,163.0,661.0,339.0,196.0,1020.0,238.0,648.0,1696.0,166.0,716.0,268.0,711.0,563.0,439.0,1073.0,378.0,1166.0,508.0,1009.0,224.0,322.0,1122.0,958.0,562.0,1095.0,395.0,161.0,1040.0,750.0,1654.0,822.0,914.0,236.0,1352.0,851.0,716.0,673.0,499.0,1009.0,260.0,237.0,547.0,467.0,617.0,212.0,414.0,283.0,276.0,0.0,0.0,0.0,0.0,0.0,0.0,0.0,0.0,0.0,0.0,0.0,0.0,0.0,0.0,0.0,0.0,0.0,0.0,0.0,0.0,0.0,0.0,0.0,0.0,0.0,0.0,0.0,0.0,0.0,0.0,0.0,0.0,0.0,0.0,0.0,0.0,0.0,0.0,0.0,0.0,0.0,0.0,0.0,0.0,0.0,0.0,0.0,0.0,0.0,0.0,0.0,0.0,0.0,0.0,0.0,0.0,0.0,0.0,0.0,0.0,0.0,0.0,0.0,0.0,0.0,0.0,0.0,0.0,0.0,0.0,0.0,0.0,0.0,0.0,0.0,0.0,0.0,0.0,0.0,0.0,0.0,0.0,0.0,0.0,0.0,0.0,0.0,0.0,0.0,0.0,0.0,0.0,0.0,0.0,0.0,0.0,0.0,0.0,0.0,0.0,0.0,0.0,0.0,0.0,0.0,0.0,0.0,0.0,0.0,0.0,0.0,0.0,0.0,0.0,0.0,0.0,0.0,0.0,0.0,0.0,0.0,0.0,0.0,0.0,0.0,0.0,0.0,0.0,0.0,0.0,0.0,0.0,0.0,0.0,0.0,0.0,0.0,0.0,0.0,0.0,0.0,0.0,0.0
717.0,154.0,553.0,2938.0,1227.0,531.0,1956.0,159.0,790.0,252.0,1449.0,1202.0,466.0,555.0,613.0,355.0,1042.0,1593.0,170.0,411.0,977.0,1543.0,408.0,580.0,460.0,471.0,1092.0,544.0,855.0,503.0,928.0,1569.0,197.0,171.0,508.0,732.0,150.0,949.0,201.0,463.0,448.0,549.0,981.0,1182.0,668.0,1115.0,495.0,611.0,333.0,269.0,353.0,578.0,1109.0,823.0,713.0,512.0,1081.0,485.0,1943.0,206.0,990.0,1213.0,1978.0,154.0,983.0,1799.0,232.0,393.0,294.0,390.0,766.0,354.0,874.0,1655.0,473.0,169.0,940.0,1521.0,184.0,573.0,264.0,158.0,1695.0,318.0,1020.0,587.0,695.0,865.0,947.0,686.0,2239.0,366.0,646.0,618.0,285.0,302.0,208.0,1141.0,403.0,977.0,357.0,274.0,638.0,1081.0,1101.0,209.0,1882.0,573.0,1160.0,2048.0,155.0,703.0,954.0,344.0,966.0,211.0,817.0,257.0,455.0,665.0,573.0,708.0,867.0,1594.0,1000.0,705.0,870.0,300.0,447.0,2050.0,893.0,485.0,167.0,1086.0,687.0,1182.0,176.0,923.0,339.0,348.0,636.0,1049.0,1702.0,343.0,1043.0,340.0,474.0,885.0,1160.0,1284.0,655.0,451.0,652.0,939.0,928.0,360.0,634.0,177.0,1063.0,831.0,1882.0,1362.0,1063.0,868.0,573.0,1006.0,1467.0,1985.0,1027.0,629.0,264.0,420.0,165.0,326.0,247.0,420.0,220.0,605.0,924.0,195.0,189.0,627.0,263.0,365.0,702.0,1082.0,1747.0,205.0,717.0,283.0,667.0,511.0,417.0,1170.0,382.0,1065.0,511.0,618.0,1037.0,1095.0,937.0,503.0,181.0,1582.0,482.0,1006.0,1419.0,1697.0,782.0,826.0,229.0,1384.0,1085.0,615.0,1016.0,563.0,266.0,292.0,476.0,703.0,223.0,219.0,352.0,0.0,0.0,0.0,0.0,0.0,0.0,0.0,0.0,0.0,0.0,0.0,0.0,0.0,0.0,0.0,0.0,0.0,0.0,0.0,0.0,0.0,0.0,0.0,0.0,0.0,0.0,0.0,0.0,0.0,0.0,0.0,0.0,0.0,0.0,0.0,0.0,0.0,0.0,0.0,0.0,0.0,0.0,0.0,0.0,0.0,0.0,0.0,0.0,0.0,0.0,0.0,0.0,0.0,0.0,0.0,0.0,0.0,0.0,0.0,0.0,0.0,0.0,0.0,0.0,0.0,0.0,0.0,0.0,0.0,0.0,0.0,0.0,0.0,0.0,0.0,0.0,0.0,0.0,0.0,0.0,0.0,0.0,0.0,0.0,0.0,0.0,0.0,0.0,0.0,0.0,0.0,0.0,0.0,0.0,0.0,0.0,0.0,0.0,0.0,0.0,0.0,0.0,0.0,0.0,0.0,0.0,0.0,0.0,0.0,0.0,0.0,0.0,0.0,0.0,0.0,0.0,0.0,0.0,0.0,0.0,0.0,0.0,0.0,0.0,0.0,0.0,0.0,0.0,0.0,0.0,0.0,0.0,0.0,0.0,0.0,0.0,0.0,0.0,0.0,0.0,0.0,0.0,0.0,0.0,0.0,0.0,0.0,0.0,0.0,0.0,0.0,0.0
183.0,474.0,495.0,2770.0,1126.0,400.0,555.0,1473.0,759.0,1261.0,1565.0,614.0,487.0,334.0,184.0,633.0,1121.0,250.0,1551.0,411.0,200.0,1767.0,988.0,155.0,572.0,456.0,903.0,584.0,1066.0,851.0,163.0,483.0,171.0,616.0,680.0,1614.0,164.0,895.0,994.0,521.0,1203.0,435.0,209.0,695.0,1095.0,632.0,882.0,861.0,258.0,581.0,1121.0,365.0,802.0,719.0,1123.0,529.0,1727.0,504.0,997.0,192.0,2071.0,1213.0,154.0,949.0,1870.0,384.0,814.0,187.0,769.0,297.0,357.0,3747.0,457.0,950.0,235.0,163.0,611.0,245.0,1452.0,159.0,1777.0,279.0,1027.0,690.0,580.0,852.0,898.0,722.0,406.0,261.0,542.0,602.0,193.0,1176.0,284.0,442.0,383.0,832.0,258.0,1864.0,1124.0,665.0,1111.0,240.0,580.0,1254.0,1952.0,938.0,781.0,373.0,956.0,234.0,942.0,674.0,766.0,516.0,467.0,1749.0,836.0,159.0,979.0,499.0,705.0,327.0,850.0,960.0,151.0,409.0,2062.0,1103.0,689.0,1198.0,175.0,167.0,401.0,221.0,948.0,354.0,742.0,969.0,1416.0,308.0,978.0,334.0,1116.0,1272.0,903.0,463.0,694.0,1036.0,957.0,375.0,898.0,956.0,842.0,187.0,1793.0,1341.0,1571.0,983.0,258.0,958.0,1007.0,1456.0,1956.0,646.0,626.0,231.0,340.0,388.0,247.0,630.0,1049.0,615.0,213.0,375.0,798.0,1101.0,1738.0,205.0,219.0,161.0,657.0,735.0,391.0,1209.0,389.0,1098.0,554.0,553.0,343.0,162.0,261.0,1109.0,994.0,860.0,517.0,343.0,1553.0,195.0,1672.0,1068.0,1463.0,735.0,841.0,1233.0,507.0,1032.0,1023.0,293.0,234.0,968.0,800.0,204.0,203.0,322.0,0.0,0.0,0.0,0.0,0.0,0.0,0.0,0.0,0.0,0.0,0.0,0.0,0.0,0.0,0.0,0.0,0.0,0.0,0.0,0.0,0.0,0.0,0.0,0.0,0.0,0.0,0.0,0.0,0.0,0.0,0.0,0.0,0.0,0.0,0.0,0.0,0.0,0.0,0.0,0.0,0.0,0.0,0.0,0.0,0.0,0.0,0.0,0.0,0.0,0.0,0.0,0.0,0.0,0.0,0.0,0.0,0.0,0.0,0.0,0.0,0.0,0.0,0.0,0.0,0.0,0.0,0.0,0.0,0.0,0.0,0.0,0.0,0.0,0.0,0.0,0.0,0.0,0.0,0.0,0.0,0.0,0.0,0.0,0.0,0.0,0.0,0.0,0.0,0.0,0.0,0.0,0.0,0.0,0.0,0.0,0.0,0.0,0.0,0.0,0.0,0.0,0.0,0.0,0.0,0.0,0.0,0.0,0.0,0.0,0.0,0.0,0.0,0.0,0.0,0.0,0.0,0.0,0.0,0.0,0.0,0.0,0.0,0.0,0.0,0.0,0.0,0.0,0.0,0.0,0.0,0.0,0.0,0.0,0.0,0.0,0.0,0.0,0.0,0.0,0.0,0.0,0.0,0.0,0.0,0.0,0.0,0.0,0.0,0.0,0.0,0.0,0.0,0.0,0.0,0.0,0.0,0.0,0.0,0.0
304.0,470.0,177.0,525.0,3323.0,2586.0,570.0,1438.0,461.0,837.0,1308.0,1537.0,173.0,642.0,362.0,624.0,203.0,1524.0,396.0,2651.0,187.0,606.0,582.0,929.0,467.0,1120.0,200.0,156.0,858.0,532.0,179.0,619.0,755.0,1667.0,809.0,881.0,1056.0,1022.0,469.0,1091.0,209.0,713.0,842.0,1340.0,649.0,294.0,420.0,191.0,705.0,1272.0,580.0,1050.0,828.0,515.0,722.0,1889.0,254.0,1001.0,1237.0,150.0,2010.0,967.0,1818.0,417.0,421.0,241.0,818.0,870.0,364.0,433.0,975.0,153.0,524.0,258.0,731.0,3408.0,173.0,1445.0,1040.0,1659.0,276.0,713.0,877.0,795.0,957.0,628.0,426.0,250.0,184.0,605.0,1116.0,273.0,413.0,1640.0,282.0,1164.0,230.0,1609.0,1122.0,1875.0,656.0,557.0,2956.0,809.0,400.0,919.0,223.0,951.0,727.0,618.0,435.0,866.0,1707.0,163.0,1006.0,726.0,309.0,982.0,392.0,158.0,2065.0,1176.0,1161.0,150.0,661.0,1306.0,160.0,179.0,904.0,346.0,333.0,1050.0,319.0,1351.0,363.0,1010.0,1302.0,859.0,1108.0,885.0,461.0,958.0,1002.0,347.0,899.0,969.0,815.0,187.0,1406.0,1457.0,931.0,1697.0,308.0,1116.0,658.0,1451.0,1033.0,661.0,1762.0,259.0,338.0,184.0,336.0,374.0,249.0,681.0,786.0,364.0,1083.0,196.0,1787.0,1116.0,746.0,250.0,211.0,764.0,244.0,732.0,418.0,1053.0,392.0,638.0,581.0,1154.0,581.0,181.0,967.0,1240.0,866.0,514.0,435.0,154.0,1476.0,197.0,1079.0,723.0,1726.0,1482.0,2123.0,713.0,989.0,875.0,291.0,242.0,1026.0,775.0,209.0,406.0,202.0,0.0,0.0,0.0,0.0,0.0,0.0,0.0,0.0,0.0,0.0,0.0,0.0,0.0,0.0,0.0,0.0,0.0,0.0,0.0,0.0,0.0,0.0,0.0,0.0,0.0,0.0,0.0,0.0,0.0,0.0,0.0,0.0,0.0,0.0,0.0,0.0,0.0,0.0,0.0,0.0,0.0,0.0,0.0,0.0,0.0,0.0,0.0,0.0,0.0,0.0,0.0,0.0,0.0,0.0,0.0,0.0,0.0,0.0,0.0,0.0,0.0,0.0,0.0,0.0,0.0,0.0,0.0,0.0,0.0,0.0,0.0,0.0,0.0,0.0,0.0,0.0,0.0,0.0,0.0,0.0,0.0,0.0,0.0,0.0,0.0,0.0,0.0,0.0,0.0,0.0,0.0,0.0,0.0,0.0,0.0,0.0,0.0,0.0,0.0,0.0,0.0,0.0,0.0,0.0,0.0,0.0,0.0,0.0,0.0,0.0,0.0,0.0,0.0,0.0,0.0,0.0,0.0,0.0,0.0,0.0,0.0,0.0,0.0,0.0,0.0,0.0,0.0,0.0,0.0,0.0,0.0,0.0,0.0,0.0,0.0,0.0,0.0,0.0,0.0,0.0,0.0,0.0,0.0,0.0,0.0,0.0,0.0,0.0,0.0,0.0,0.0,0.0,0.0,0.0,0.0,0.0,0.0,0.0,0.0,0.0,0.0,0.0,0.0,0.0,0.0,0.0
665.0,235.0,231.0,386.0,2964.0,1125.0,1515.0,752.0,504.0,1274.0,1505.0,213.0,687.0,372.0,558.0,1215.0,180.0,414.0,1489.0,2691.0,188.0,585.0,457.0,1102.0,911.0,583.0,223.0,162.0,193.0,910.0,669.0,501.0,150.0,1673.0,723.0,1072.0,870.0,161.0,801.0,919.0,484.0,190.0,711.0,999.0,724.0,671.0,262.0,306.0,480.0,2033.0,832.0,1424.0,1065.0,620.0,497.0,704.0,1869.0,1229.0,205.0,153.0,945.0,1986.0,980.0,1835.0,171.0,709.0,418.0,854.0,783.0,428.0,966.0,270.0,638.0,161.0,605.0,1085.0,1499.0,275.0,154.0,1688.0,3179.0,1020.0,764.0,960.0,655.0,757.0,392.0,197.0,254.0,1196.0,150.0,214.0,604.0,474.0,1127.0,293.0,1616.0,1202.0,1541.0,255.0,665.0,1733.0,596.0,158.0,2037.0,872.0,989.0,380.0,254.0,985.0,669.0,1209.0,909.0,507.0,871.0,1807.0,1087.0,199.0,370.0,174.0,677.0,156.0,725.0,1210.0,2061.0,1192.0,2654.0,235.0,962.0,165.0,381.0,351.0,1037.0,1304.0,349.0,321.0,1072.0,1314.0,988.0,1108.0,457.0,991.0,915.0,384.0,1665.0,1403.0,843.0,201.0,1459.0,1738.0,1426.0,1027.0,991.0,508.0,1295.0,1460.0,1814.0,238.0,160.0,319.0,358.0,236.0,678.0,874.0,1293.0,1090.0,377.0,168.0,378.0,1837.0,718.0,177.0,228.0,1213.0,209.0,1173.0,1413.0,408.0,553.0,615.0,488.0,1137.0,2060.0,903.0,330.0,482.0,229.0,1409.0,1806.0,1424.0,828.0,2231.0,858.0,1010.0,868.0,306.0,224.0,891.0,824.0,251.0,461.0,335.0,242.0,151.0,0.0,0.0,0.0,0.0,0.0,0.0,0.0,0.0,0.0,0.0,0.0,0.0,0.0,0.0,0.0,0.0,0.0,0.0,0.0,0.0,0.0,0.0,0.0,0.0,0.0,0.0,0.0,0.0,0.0,0.0,0.0,0.0,0.0,0.0,0.0,0.0,0.0,0.0,0.0,0.0,0.0,0.0,0.0,0.0,0.0,0.0,0.0,0.0,0.0,0.0,0.0,0.0,0.0,0.0,0.0,0.0,0.0,0.0,0.0,0.0,0.0,0.0,0.0,0.0,0.0,0.0,0.0,0.0,0.0,0.0,0.0,0.0,0.0,0.0,0.0,0.0,0.0,0.0,0.0,0.0,0.0,0.0,0.0,0.0,0.0,0.0,0.0,0.0,0.0,0.0,0.0,0.0,0.0,0.0,0.0,0.0,0.0,0.0,0.0,0.0,0.0,0.0,0.0,0.0,0.0,0.0,0.0,0.0,0.0,0.0,0.0,0.0,0.0,0.0,0.0,0.0,0.0,0.0,0.0,0.0,0.0,0.0,0.0,0.0,0.0,0.0,0.0,0.0,0.0,0.0,0.0,0.0,0.0,0.0,0.0,0.0,0.0,0.0,0.0,0.0,0.0,0.0,0.0,0.0,0.0,0.0,0.0,0.0,0.0,0.0,0.0,0.0,0.0,0.0,0.0,0.0,0.0,0.0,0.0,0.0,0.0,0.0,0.0,0.0,0.0,0.0,0.0,0.0,0.0,0.0,0.0
267.0,634.0,424.0,2998.0,1037.0,799.0,1528.0,755.0,231.0,651.0,1681.0,455.0,1297.0,324.0,1240.0,649.0,216.0,1563.0,433.0,2486.0,174.0,586.0,497.0,245.0,1954.0,585.0,938.0,206.0,218.0,655.0,530.0,968.0,1870.0,764.0,779.0,157.0,874.0,1012.0,232.0,673.0,793.0,453.0,1723.0,717.0,239.0,237.0,1105.0,414.0,774.0,1484.0,529.0,1302.0,704.0,1397.0,520.0,1018.0,212.0,153.0,1839.0,2034.0,985.0,1823.0,677.0,880.0,429.0,469.0,848.0,890.0,672.0,730.0,263.0,1569.0,1162.0,156.0,261.0,1661.0,837.0,2976.0,1046.0,968.0,782.0,481.0,2259.0,627.0,482.0,258.0,290.0,1217.0,1412.0,305.0,1559.0,250.0,1194.0,695.0,647.0,1889.0,695.0,2137.0,1029.0,398.0,254.0,989.0,690.0,486.0,913.0,1075.0,977.0,1045.0,1623.0,754.0,411.0,228.0,161.0,185.0,1289.0,1236.0,673.0,2098.0,2478.0,170.0,994.0,368.0,347.0,1109.0,318.0,1268.0,1147.0,314.0,2150.0,504.0,905.0,173.0,1064.0,1018.0,428.0,805.0,1305.0,204.0,1380.0,1494.0,1606.0,1015.0,905.0,1621.0,1126.0,1448.0,377.0,2021.0,246.0,190.0,405.0,326.0,236.0,651.0,842.0,1256.0,1058.0,1835.0,385.0,744.0,171.0,319.0,193.0,182.0,1221.0,240.0,1202.0,1179.0,1356.0,405.0,583.0,651.0,493.0,2101.0,600.0,849.0,389.0,1535.0,247.0,2534.0,1368.0,1401.0,900.0,892.0,622.0,1023.0,702.0,340.0,726.0,675.0,217.0,177.0,0.0,0.0,0.0,0.0,0.0,0.0,0.0,0.0,0.0,0.0,0.0,0.0,0.0,0.0,0.0,0.0,0.0,0.0,0.0,0.0,0.0,0.0,0.0,0.0,0.0,0.0,0.0,0.0,0.0,0.0,0.0,0.0,0.0,0.0,0.0,0.0,0.0,0.0,0.0,0.0,0.0,0.0,0.0,0.0,0.0,0.0,0.0,0.0,0.0,0.0,0.0,0.0,0.0,0.0,0.0,0.0,0.0,0.0,0.0,0.0,0.0,0.0,0.0,0.0,0.0,0.0,0.0,0.0,0.0,0.0,0.0,0.0,0.0,0.0,0.0,0.0,0.0,0.0,0.0,0.0,0.0,0.0,0.0,0.0,0.0,0.0,0.0,0.0,0.0,0.0,0.0,0.0,0.0,0.0,0.0,0.0,0.0,0.0,0.0,0.0,0.0,0.0,0.0,0.0,0.0,0.0,0.0,0.0,0.0,0.0,0.0,0.0,0.0,0.0,0.0,0.0,0.0,0.0,0.0,0.0,0.0,0.0,0.0,0.0,0.0,0.0,0.0,0.0,0.0,0.0,0.0,0.0,0.0,0.0,0.0,0.0,0.0,0.0,0.0,0.0,0.0,0.0,0.0,0.0,0.0,0.0,0.0,0.0,0.0,0.0,0.0,0.0,0.0,0.0,0.0,0.0,0.0,0.0,0.0,0.0,0.0,0.0,0.0,0.0,0.0,0.0,0.0,0.0,0.0,0.0,0.0,0.0,0.0,0.0,0.0,0.0,0.0,0.0,0.0,0.0,0.0,0.0,0.0
408.0,682.0,463.0,3173.0,1090.0,802.0,1487.0,768.0,447.0,1715.0,1287.0,368.0,1895.0,706.0,1150.0,661.0,185.0,428.0,2321.0,574.0,462.0,890.0,208.0,1852.0,2534.0,171.0,172.0,581.0,522.0,1374.0,717.0,838.0,187.0,781.0,659.0,479.0,680.0,1460.0,272.0,1423.0,419.0,219.0,720.0,1192.0,1486.0,1215.0,514.0,538.0,1316.0,231.0,1012.0,1818.0,1978.0,1810.0,1010.0,668.0,932.0,467.0,860.0,480.0,1013.0,638.0,755.0,239.0,1553.0,165.0,268.0,1109.0,2959.0,785.0,1046.0,1564.0,955.0,861.0,555.0,166.0,451.0,255.0,602.0,2047.0,302.0,1213.0,302.0,1503.0,1346.0,242.0,1133.0,1854.0,795.0,666.0,687.0,3164.0,407.0,986.0,216.0,1008.0,701.0,491.0,1055.0,1728.0,903.0,504.0,773.0,1073.0,196.0,162.0,2551.0,169.0,1213.0,1265.0,737.0,1047.0,1894.0,157.0,388.0,328.0,346.0,1160.0,1370.0,1150.0,332.0,1998.0,938.0,500.0,179.0,953.0,996.0,460.0,1491.0,840.0,1351.0,203.0,1757.0,978.0,1598.0,1722.0,1220.0,1013.0,1969.0,488.0,1392.0,201.0,401.0,260.0,651.0,837.0,1242.0,833.0,212.0,1079.0,1952.0,279.0,415.0,226.0,207.0,1230.0,495.0,1243.0,1391.0,586.0,452.0,2005.0,1232.0,659.0,505.0,965.0,561.0,397.0,1587.0,267.0,2417.0,1341.0,1344.0,813.0,958.0,723.0,1096.0,331.0,705.0,1003.0,218.0,623.0,251.0,319.0,220.0,183.0,0.0,0.0,0.0,0.0,0.0,0.0,0.0,0.0,0.0,0.0,0.0,0.0,0.0,0.0,0.0,0.0,0.0,0.0,0.0,0.0,0.0,0.0,0.0,0.0,0.0,0.0,0.0,0.0,0.0,0.0,0.0,0.0,0.0,0.0,0.0,0.0,0.0,0.0,0.0,0.0,0.0,0.0,0.0,0.0,0.0,0.0,0.0,0.0,0.0,0.0,0.0,0.0,0.0,0.0,0.0,0.0,0.0,0.0,0.0,0.0,0.0,0.0,0.0,0.0,0.0,0.0,0.0,0.0,0.0,0.0,0.0,0.0,0.0,0.0,0.0,0.0,0.0,0.0,0.0,0.0,0.0,0.0,0.0,0.0,0.0,0.0,0.0,0.0,0.0,0.0,0.0,0.0,0.0,0.0,0.0,0.0,0.0,0.0,0.0,0.0,0.0,0.0,0.0,0.0,0.0,0.0,0.0,0.0,0.0,0.0,0.0,0.0,0.0,0.0,0.0,0.0,0.0,0.0,0.0,0.0,0.0,0.0,0.0,0.0,0.0,0.0,0.0,0.0,0.0,0.0,0.0,0.0,0.0,0.0,0.0,0.0,0.0,0.0,0.0,0.0,0.0,0.0,0.0,0.0,0.0,0.0,0.0,0.0,0.0,0.0,0.0,0.0,0.0,0.0,0.0,0.0,0.0,0.0,0.0,0.0,0.0,0.0,0.0,0.0,0.0,0.0,0.0,0.0,0.0,0.0,0.0,0.0,0.0,0.0,0.0,0.0,0.0,0.0,0.0,0.0,0.0,0.0,0.0,0.0,0.0,0.0,0.0,0.0,0.0
415.0,499.0,183.0,396.0,3292.0,610.0,2204.0,1505.0,824.0,496.0,1634.0,678.0,331.0,662.0,1192.0,166.0,1734.0,448.0,2301.0,584.0,170.0,515.0,917.0,160.0,200.0,1815.0,573.0,2504.0,182.0,537.0,664.0,1351.0,875.0,221.0,820.0,695.0,479.0,1193.0,466.0,1194.0,726.0,1484.0,1185.0,1633.0,198.0,281.0,584.0,1244.0,1300.0,1001.0,219.0,150.0,2004.0,1876.0,1037.0,1915.0,704.0,335.0,218.0,946.0,277.0,790.0,1029.0,464.0,799.0,632.0,244.0,1574.0,1168.0,173.0,284.0,3045.0,1062.0,783.0,909.0,765.0,1497.0,486.0,170.0,464.0,259.0,598.0,279.0,161.0,1161.0,2304.0,1788.0,1245.0,1152.0,285.0,1800.0,1640.0,798.0,3080.0,394.0,206.0,1008.0,662.0,526.0,1206.0,1716.0,928.0,2458.0,1206.0,479.0,177.0,733.0,188.0,183.0,1275.0,1187.0,697.0,1808.0,392.0,993.0,297.0,1503.0,349.0,1149.0,1170.0,385.0,162.0,1855.0,929.0,511.0,980.0,998.0,465.0,1467.0,1425.0,192.0,891.0,1822.0,913.0,1284.0,1598.0,1439.0,1033.0,1517.0,1899.0,713.0,206.0,370.0,270.0,752.0,1105.0,891.0,230.0,346.0,1129.0,1872.0,309.0,807.0,241.0,173.0,1197.0,546.0,1211.0,1329.0,576.0,421.0,595.0,1735.0,1214.0,507.0,1007.0,617.0,379.0,1501.0,221.0,2292.0,1382.0,1400.0,882.0,898.0,1027.0,669.0,294.0,262.0,1011.0,210.0,727.0,301.0,478.0,413.0,332.0,0.0,0.0,0.0,0.0,0.0,0.0,0.0,0.0,0.0,0.0,0.0,0.0,0.0,0.0,0.0,0.0,0.0,0.0,0.0,0.0,0.0,0.0,0.0,0.0,0.0,0.0,0.0,0.0,0.0,0.0,0.0,0.0,0.0,0.0,0.0,0.0,0.0,0.0,0.0,0.0,0.0,0.0,0.0,0.0,0.0,0.0,0.0,0.0,0.0,0.0,0.0,0.0,0.0,0.0,0.0,0.0,0.0,0.0,0.0,0.0,0.0,0.0,0.0,0.0,0.0,0.0,0.0,0.0,0.0,0.0,0.0,0.0,0.0,0.0,0.0,0.0,0.0,0.0,0.0,0.0,0.0,0.0,0.0,0.0,0.0,0.0,0.0,0.0,0.0,0.0,0.0,0.0,0.0,0.0,0.0,0.0,0.0,0.0,0.0,0.0,0.0,0.0,0.0,0.0,0.0,0.0,0.0,0.0,0.0,0.0,0.0,0.0,0.0,0.0,0.0,0.0,0.0,0.0,0.0,0.0,0.0,0.0,0.0,0.0,0.0,0.0,0.0,0.0,0.0,0.0,0.0,0.0,0.0,0.0,0.0,0.0,0.0,0.0,0.0,0.0,0.0,0.0,0.0,0.0,0.0,0.0,0.0,0.0,0.0,0.0,0.0,0.0,0.0,0.0,0.0,0.0,0.0,0.0,0.0,0.0,0.0,0.0,0.0,0.0,0.0,0.0,0.0,0.0,0.0,0.0,0.0,0.0,0.0,0.0,0.0,0.0,0.0,0.0,0.0,0.0,0.0,0.0,0.0,0.0,0.0,0.0,0.0,0.0,0.0
329.0,276.0,415.0,3198.0,672.0,2175.0,1502.0,871.0,506.0,1517.0,376.0,744.0,654.0,187.0,1187.0,469.0,1708.0,2196.0,189.0,612.0,536.0,1881.0,954.0,212.0,2465.0,666.0,521.0,189.0,236.0,698.0,169.0,820.0,1385.0,177.0,237.0,897.0,690.0,472.0,1081.0,438.0,737.0,1468.0,1093.0,237.0,1531.0,256.0,1160.0,933.0,1353.0,537.0,210.0,1285.0,216.0,997.0,1993.0,1806.0,1900.0,425.0,681.0,397.0,980.0,812.0,478.0,951.0,631.0,822.0,245.0,1161.0,1578.0,150.0,281.0,1045.0,2937.0,809.0,942.0,1499.0,652.0,622.0,526.0,230.0,603.0,1803.0,2073.0,1210.0,274.0,1287.0,1185.0,291.0,653.0,1818.0,722.0,2606.0,424.0,1015.0,212.0,509.0,679.0,1035.0,1180.0,1719.0,968.0,2334.0,827.0,1066.0,494.0,187.0,197.0,1211.0,1230.0,155.0,716.0,1003.0,2390.0,404.0,348.0,1363.0,1013.0,341.0,1163.0,339.0,1789.0,971.0,197.0,443.0,1008.0,1078.0,1495.0,1489.0,234.0,873.0,957.0,1751.0,1701.0,1184.0,1069.0,1874.0,1441.0,1517.0,867.0,191.0,342.0,273.0,708.0,1159.0,890.0,435.0,1352.0,211.0,290.0,1931.0,853.0,243.0,170.0,664.0,1798.0,1311.0,1156.0,458.0,629.0,1529.0,1216.0,709.0,500.0,1003.0,1484.0,392.0,236.0,2182.0,1365.0,1453.0,834.0,918.0,643.0,968.0,340.0,281.0,1112.0,542.0,216.0,674.0,543.0,253.0,303.0,0.0,0.0,0.0,0.0,0.0,0.0,0.0,0.0,0.0,0.0,0.0,0.0,0.0,0.0,0.0,0.0,0.0,0.0,0.0,0.0,0.0,0.0,0.0,0.0,0.0,0.0,0.0,0.0,0.0,0.0,0.0,0.0,0.0,0.0,0.0,0.0,0.0,0.0,0.0,0.0,0.0,0.0,0.0,0.0,0.0,0.0,0.0,0.0,0.0,0.0,0.0,0.0,0.0,0.0,0.0,0.0,0.0,0.0,0.0,0.0,0.0,0.0,0.0,0.0,0.0,0.0,0.0,0.0,0.0,0.0,0.0,0.0,0.0,0.0,0.0,0.0,0.0,0.0,0.0,0.0,0.0,0.0,0.0,0.0,0.0,0.0,0.0,0.0,0.0,0.0,0.0,0.0,0.0,0.0,0.0,0.0,0.0,0.0,0.0,0.0,0.0,0.0,0.0,0.0,0.0,0.0,0.0,0.0,0.0,0.0,0.0,0.0,0.0,0.0,0.0,0.0,0.0,0.0,0.0,0.0,0.0,0.0,0.0,0.0,0.0,0.0,0.0,0.0,0.0,0.0,0.0,0.0,0.0,0.0,0.0,0.0,0.0,0.0,0.0,0.0,0.0,0.0,0.0,0.0,0.0,0.0,0.0,0.0,0.0,0.0,0.0,0.0,0.0,0.0,0.0,0.0,0.0,0.0,0.0,0.0,0.0,0.0,0.0,0.0,0.0,0.0,0.0,0.0,0.0,0.0,0.0,0.0,0.0,0.0,0.0,0.0,0.0,0.0,0.0,0.0,0.0,0.0,0.0,0.0,0.0,0.0,0.0,0.0,0.0,0.0,0.0,0.0
377.0,565.0,235.0,420.0,3165.0,969.0,1536.0,1880.0,924.0,473.0,429.0,778.0,1474.0,621.0,1222.0,186.0,1618.0,464.0,2178.0,178.0,555.0,662.0,901.0,1901.0,2375.0,699.0,544.0,727.0,237.0,837.0,1582.0,229.0,852.0,456.0,695.0,1505.0,2082.0,1512.0,540.0,296.0,1017.0,1071.0,1174.0,946.0,1504.0,1278.0,216.0,258.0,2033.0,1798.0,1914.0,670.0,263.0,345.0,857.0,891.0,217.0,414.0,969.0,736.0,251.0,594.0,1221.0,297.0,1545.0,2987.0,1085.0,744.0,924.0,1563.0,751.0,181.0,584.0,457.0,231.0,1906.0,670.0,280.0,1200.0,1713.0,1318.0,1169.0,284.0,613.0,1866.0,757.0,983.0,428.0,2551.0,216.0,198.0,507.0,711.0,2026.0,1098.0,1724.0,862.0,843.0,2284.0,178.0,472.0,1006.0,181.0,1201.0,1931.0,986.0,693.0,431.0,372.0,1461.0,371.0,1028.0,377.0,1178.0,1824.0,943.0,545.0,161.0,995.0,1115.0,194.0,445.0,1564.0,834.0,1395.0,1006.0,1840.0,1035.0,1241.0,1488.0,1501.0,1953.0,1557.0,751.0,195.0,345.0,293.0,702.0,871.0,408.0,180.0,1922.0,277.0,816.0,1282.0,249.0,181.0,642.0,3369.0,1955.0,1137.0,1302.0,584.0,415.0,461.0,626.0,887.0,1444.0,404.0,250.0,1383.0,2226.0,2214.0,876.0,672.0,605.0,277.0,904.0,1100.0,295.0,202.0,511.0,411.0,338.0,247.0,0.0,0.0,0.0,0.0,0.0,0.0,0.0,0.0,0.0,0.0,0.0,0.0,0.0,0.0,0.0,0.0,0.0,0.0,0.0,0.0,0.0,0.0,0.0,0.0,0.0,0.0,0.0,0.0,0.0,0.0,0.0,0.0,0.0,0.0,0.0,0.0,0.0,0.0,0.0,0.0,0.0,0.0,0.0,0.0,0.0,0.0,0.0,0.0,0.0,0.0,0.0,0.0,0.0,0.0,0.0,0.0,0.0,0.0,0.0,0.0,0.0,0.0,0.0,0.0,0.0,0.0,0.0,0.0,0.0,0.0,0.0,0.0,0.0,0.0,0.0,0.0,0.0,0.0,0.0,0.0,0.0,0.0,0.0,0.0,0.0,0.0,0.0,0.0,0.0,0.0,0.0,0.0,0.0,0.0,0.0,0.0,0.0,0.0,0.0,0.0,0.0,0.0,0.0,0.0,0.0,0.0,0.0,0.0,0.0,0.0,0.0,0.0,0.0,0.0,0.0,0.0,0.0,0.0,0.0,0.0,0.0,0.0,0.0,0.0,0.0,0.0,0.0,0.0,0.0,0.0,0.0,0.0,0.0,0.0,0.0,0.0,0.0,0.0,0.0,0.0,0.0,0.0,0.0,0.0,0.0,0.0,0.0,0.0,0.0,0.0,0.0,0.0,0.0,0.0,0.0,0.0,0.0,0.0,0.0,0.0,0.0,0.0,0.0,0.0,0.0,0.0,0.0,0.0,0.0,0.0,0.0,0.0,0.0,0.0,0.0,0.0,0.0,0.0,0.0,0.0,0.0,0.0,0.0,0.0,0.0,0.0,0.0,0.0,0.0,0.0,0.0,0.0,0.0,0.0,0.0,0.0,0.0,0.0,0.0,0.0
391.0,955.0,426.0,3252.0,1073.0,1565.0,1815.0,963.0,2107.0,766.0,353.0,650.0,180.0,1275.0,1804.0,467.0,2314.0,616.0,537.0,967.0,1965.0,2359.0,787.0,1168.0,676.0,831.0,1434.0,211.0,859.0,165.0,1545.0,443.0,717.0,1530.0,1070.0,275.0,1012.0,899.0,1375.0,1474.0,1129.0,967.0,1259.0,2118.0,1937.0,1782.0,670.0,613.0,294.0,774.0,246.0,845.0,925.0,797.0,453.0,577.0,243.0,158.0,1160.0,318.0,2202.0,892.0,1032.0,3131.0,909.0,1480.0,761.0,594.0,1948.0,477.0,318.0,230.0,1849.0,1168.0,1309.0,1144.0,661.0,1830.0,725.0,1097.0,415.0,228.0,2428.0,501.0,1024.0,721.0,1945.0,944.0,1704.0,1262.0,2299.0,1124.0,192.0,552.0,184.0,151.0,1899.0,429.0,996.0,716.0,1311.0,359.0,1485.0,1042.0,380.0,392.0,1151.0,157.0,1851.0,914.0,559.0,1122.0,980.0,151.0,570.0,1503.0,856.0,1306.0,839.0,1873.0,1124.0,1012.0,1534.0,1490.0,173.0,2002.0,905.0,1503.0,200.0,370.0,257.0,768.0,872.0,837.0,423.0,1879.0,207.0,266.0,1237.0,176.0,239.0,661.0,1751.0,3057.0,1457.0,1199.0,453.0,598.0,643.0,473.0,955.0,1471.0,390.0,225.0,2236.0,1985.0,1242.0,772.0,1188.0,824.0,318.0,953.0,1083.0,204.0,590.0,464.0,592.0,188.0,171.0,0.0,0.0,0.0,0.0,0.0,0.0,0.0,0.0,0.0,0.0,0.0,0.0,0.0,0.0,0.0,0.0,0.0,0.0,0.0,0.0,0.0,0.0,0.0,0.0,0.0,0.0,0.0,0.0,0.0,0.0,0.0,0.0,0.0,0.0,0.0,0.0,0.0,0.0,0.0,0.0,0.0,0.0,0.0,0.0,0.0,0.0,0.0,0.0,0.0,0.0,0.0,0.0,0.0,0.0,0.0,0.0,0.0,0.0,0.0,0.0,0.0,0.0,0.0,0.0,0.0,0.0,0.0,0.0,0.0,0.0,0.0,0.0,0.0,0.0,0.0,0.0,0.0,0.0,0.0,0.0,0.0,0.0,0.0,0.0,0.0,0.0,0.0,0.0,0.0,0.0,0.0,0.0,0.0,0.0,0.0,0.0,0.0,0.0,0.0,0.0,0.0,0.0,0.0,0.0,0.0,0.0,0.0,0.0,0.0,0.0,0.0,0.0,0.0,0.0,0.0,0.0,0.0,0.0,0.0,0.0,0.0,0.0,0.0,0.0,0.0,0.0,0.0,0.0,0.0,0.0,0.0,0.0,0.0,0.0,0.0,0.0,0.0,0.0,0.0,0.0,0.0,0.0,0.0,0.0,0.0,0.0,0.0,0.0,0.0,0.0,0.0,0.0,0.0,0.0,0.0,0.0,0.0,0.0,0.0,0.0,0.0,0.0,0.0,0.0,0.0,0.0,0.0,0.0,0.0,0.0,0.0,0.0,0.0,0.0,0.0,0.0,0.0,0.0,0.0,0.0,0.0,0.0,0.0,0.0,0.0,0.0,0.0,0.0,0.0,0.0,0.0,0.0,0.0,0.0,0.0,0.0,0.0,0.0,0.0,0.0,0.0,0.0,0.0,0.0,0.0,0.0
379.0,815.0,179.0,441.0,3151.0,962.0,1612.0,1813.0,892.0,419.0,1616.0,664.0,339.0,685.0,1280.0,240.0,2268.0,461.0,1832.0,582.0,575.0,1065.0,1896.0,817.0,2276.0,993.0,759.0,848.0,362.0,1391.0,219.0,839.0,481.0,1424.0,707.0,1429.0,1126.0,880.0,273.0,975.0,1364.0,997.0,1447.0,1262.0,1141.0,1961.0,1910.0,1730.0,721.0,436.0,493.0,791.0,288.0,872.0,1050.0,834.0,455.0,619.0,255.0,1146.0,1073.0,1934.0,331.0,3018.0,924.0,922.0,1544.0,894.0,509.0,686.0,1931.0,215.0,317.0,1100.0,1319.0,1212.0,250.0,1762.0,650.0,1824.0,705.0,1126.0,468.0,226.0,2457.0,722.0,996.0,537.0,1625.0,1793.0,903.0,882.0,2304.0,1096.0,195.0,268.0,429.0,822.0,163.0,1879.0,1027.0,373.0,1155.0,345.0,1284.0,381.0,1186.0,384.0,1127.0,1891.0,916.0,526.0,159.0,1042.0,520.0,1095.0,912.0,1465.0,1391.0,883.0,1826.0,947.0,1174.0,777.0,1501.0,1531.0,1854.0,1522.0,190.0,395.0,239.0,765.0,863.0,447.0,828.0,230.0,220.0,1815.0,1303.0,240.0,240.0,680.0,642.0,2050.0,2914.0,1086.0,1381.0,444.0,717.0,996.0,410.0,1530.0,271.0,2223.0,1998.0,1412.0,1142.0,800.0,928.0,732.0,316.0,1119.0,907.0,579.0,506.0,466.0,224.0,0.0,0.0,0.0,0.0,0.0,0.0,0.0,0.0,0.0,0.0,0.0,0.0,0.0,0.0,0.0,0.0,0.0,0.0,0.0,0.0,0.0,0.0,0.0,0.0,0.0,0.0,0.0,0.0,0.0,0.0,0.0,0.0,0.0,0.0,0.0,0.0,0.0,0.0,0.0,0.0,0.0,0.0,0.0,0.0,0.0,0.0,0.0,0.0,0.0,0.0,0.0,0.0,0.0,0.0,0.0,0.0,0.0,0.0,0.0,0.0,0.0,0.0,0.0,0.0,0.0,0.0,0.0,0.0,0.0,0.0,0.0,0.0,0.0,0.0,0.0,0.0,0.0,0.0,0.0,0.0,0.0,0.0,0.0,0.0,0.0,0.0,0.0,0.0,0.0,0.0,0.0,0.0,0.0,0.0,0.0,0.0,0.0,0.0,0.0,0.0,0.0,0.0,0.0,0.0,0.0,0.0,0.0,0.0,0.0,0.0,0.0,0.0,0.0,0.0,0.0,0.0,0.0,0.0,0.0,0.0,0.0,0.0,0.0,0.0,0.0,0.0,0.0,0.0,0.0,0.0,0.0,0.0,0.0,0.0,0.0,0.0,0.0,0.0,0.0,0.0,0.0,0.0,0.0,0.0,0.0,0.0,0.0,0.0,0.0,0.0,0.0,0.0,0.0,0.0,0.0,0.0,0.0,0.0,0.0,0.0,0.0,0.0,0.0,0.0,0.0,0.0,0.0,0.0,0.0,0.0,0.0,0.0,0.0,0.0,0.0,0.0,0.0,0.0,0.0,0.0,0.0,0.0,0.0,0.0,0.0,0.0,0.0,0.0,0.0,0.0,0.0,0.0,0.0,0.0,0.0,0.0,0.0,0.0,0.0,0.0,0.0,0.0,0.0,0.0,0.0,0.0,0.0,0.0
373.0,426.0,3221.0,1252.0,1546.0,1805.0,878.0,600.0,1579.0,700.0,365.0,681.0,174.0,1344.0,482.0,2214.0,1988.0,640.0,529.0,1882.0,973.0,2208.0,733.0,733.0,516.0,804.0,776.0,1436.0,861.0,3102.0,1466.0,1100.0,289.0,937.0,1449.0,808.0,1447.0,449.0,1258.0,1171.0,2093.0,1032.0,1879.0,1867.0,730.0,353.0,452.0,816.0,459.0,983.0,538.0,959.0,838.0,605.0,277.0,1140.0,329.0,2979.0,858.0,1016.0,1863.0,1833.0,885.0,839.0,485.0,564.0,1971.0,224.0,278.0,1248.0,1191.0,1266.0,1697.0,249.0,196.0,674.0,1751.0,677.0,1074.0,475.0,226.0,2340.0,747.0,1041.0,508.0,972.0,1358.0,1735.0,2229.0,1573.0,1078.0,203.0,411.0,218.0,811.0,1828.0,983.0,417.0,150.0,361.0,1236.0,357.0,1375.0,1070.0,387.0,1116.0,1872.0,165.0,927.0,573.0,962.0,154.0,1162.0,476.0,989.0,1343.0,1518.0,859.0,1811.0,1027.0,1205.0,1478.0,1515.0,1933.0,732.0,1540.0,199.0,412.0,760.0,219.0,218.0,916.0,852.0,1777.0,222.0,425.0,267.0,1315.0,236.0,674.0,1717.0,1178.0,626.0,2834.0,1284.0,492.0,601.0,1030.0,1463.0,407.0,234.0,155.0,3146.0,1333.0,1996.0,1186.0,731.0,1036.0,312.0,1142.0,890.0,216.0,652.0,637.0,358.0,191.0,0.0,0.0,0.0,0.0,0.0,0.0,0.0,0.0,0.0,0.0,0.0,0.0,0.0,0.0,0.0,0.0,0.0,0.0,0.0,0.0,0.0,0.0,0.0,0.0,0.0,0.0,0.0,0.0,0.0,0.0,0.0,0.0,0.0,0.0,0.0,0.0,0.0,0.0,0.0,0.0,0.0,0.0,0.0,0.0,0.0,0.0,0.0,0.0,0.0,0.0,0.0,0.0,0.0,0.0,0.0,0.0,0.0,0.0,0.0,0.0,0.0,0.0,0.0,0.0,0.0,0.0,0.0,0.0,0.0,0.0,0.0,0.0,0.0,0.0,0.0,0.0,0.0,0.0,0.0,0.0,0.0,0.0,0.0,0.0,0.0,0.0,0.0,0.0,0.0,0.0,0.0,0.0,0.0,0.0,0.0,0.0,0.0,0.0,0.0,0.0,0.0,0.0,0.0,0.0,0.0,0.0,0.0,0.0,0.0,0.0,0.0,0.0,0.0,0.0,0.0,0.0,0.0,0.0,0.0,0.0,0.0,0.0,0.0,0.0,0.0,0.0,0.0,0.0,0.0,0.0,0.0,0.0,0.0,0.0,0.0,0.0,0.0,0.0,0.0,0.0,0.0,0.0,0.0,0.0,0.0,0.0,0.0,0.0,0.0,0.0,0.0,0.0,0.0,0.0,0.0,0.0,0.0,0.0,0.0,0.0,0.0,0.0,0.0,0.0,0.0,0.0,0.0,0.0,0.0,0.0,0.0,0.0,0.0,0.0,0.0,0.0,0.0,0.0,0.0,0.0,0.0,0.0,0.0,0.0,0.0,0.0,0.0,0.0,0.0,0.0,0.0,0.0,0.0,0.0,0.0,0.0,0.0,0.0,0.0,0.0,0.0,0.0,0.0,0.0,0.0,0.0,0.0,0.0,0.0
382.0,1209.0,1379.0,2955.0,880.0,445.0,2237.0,537.0,665.0,217.0,593.0,1186.0,2152.0,632.0,514.0,4796.0,1730.0,3214.0,747.0,3305.0,717.0,834.0,994.0,3528.0,1504.0,246.0,914.0,1265.0,1536.0,1408.0,1792.0,1220.0,517.0,849.0,2104.0,1878.0,1794.0,1001.0,2207.0,344.0,878.0,515.0,982.0,894.0,1024.0,454.0,580.0,257.0,1153.0,312.0,968.0,2817.0,900.0,1814.0,867.0,1701.0,867.0,496.0,335.0,1989.0,300.0,208.0,1177.0,1632.0,1294.0,1174.0,232.0,612.0,1735.0,723.0,1054.0,447.0,262.0,2343.0,713.0,946.0,513.0,1062.0,1378.0,2280.0,1646.0,1661.0,455.0,929.0,202.0,199.0,790.0,1856.0,1011.0,376.0,387.0,1209.0,1804.0,341.0,419.0,1073.0,1138.0,2001.0,901.0,524.0,1153.0,1053.0,534.0,893.0,5165.0,971.0,1515.0,1173.0,1122.0,1634.0,1403.0,1902.0,1503.0,1596.0,851.0,417.0,182.0,747.0,1699.0,1486.0,217.0,3269.0,931.0,251.0,264.0,260.0,889.0,1651.0,1216.0,607.0,1231.0,637.0,524.0,1428.0,995.0,2201.0,408.0,226.0,151.0,2006.0,858.0,1362.0,803.0,1480.0,1385.0,1152.0,314.0,803.0,245.0,726.0,805.0,786.0,497.0,0.0,0.0,0.0,0.0,0.0,0.0,0.0,0.0,0.0,0.0,0.0,0.0,0.0,0.0,0.0,0.0,0.0,0.0,0.0,0.0,0.0,0.0,0.0,0.0,0.0,0.0,0.0,0.0,0.0,0.0,0.0,0.0,0.0,0.0,0.0,0.0,0.0,0.0,0.0,0.0,0.0,0.0,0.0,0.0,0.0,0.0,0.0,0.0,0.0,0.0,0.0,0.0,0.0,0.0,0.0,0.0,0.0,0.0,0.0,0.0,0.0,0.0,0.0,0.0,0.0,0.0,0.0,0.0,0.0,0.0,0.0,0.0,0.0,0.0,0.0,0.0,0.0,0.0,0.0,0.0,0.0,0.0,0.0,0.0,0.0,0.0,0.0,0.0,0.0,0.0,0.0,0.0,0.0,0.0,0.0,0.0,0.0,0.0,0.0,0.0,0.0,0.0,0.0,0.0,0.0,0.0,0.0,0.0,0.0,0.0,0.0,0.0,0.0,0.0,0.0,0.0,0.0,0.0,0.0,0.0,0.0,0.0,0.0,0.0,0.0,0.0,0.0,0.0,0.0,0.0,0.0,0.0,0.0,0.0,0.0,0.0,0.0,0.0,0.0,0.0,0.0,0.0,0.0,0.0,0.0,0.0,0.0,0.0,0.0,0.0,0.0,0.0,0.0,0.0,0.0,0.0,0.0,0.0,0.0,0.0,0.0,0.0,0.0,0.0,0.0,0.0,0.0,0.0,0.0,0.0,0.0,0.0,0.0,0.0,0.0,0.0,0.0,0.0,0.0,0.0,0.0,0.0,0.0,0.0,0.0,0.0,0.0,0.0,0.0,0.0,0.0,0.0,0.0,0.0,0.0,0.0,0.0,0.0,0.0,0.0,0.0,0.0,0.0,0.0,0.0,0.0,0.0,0.0,0.0,0.0,0.0,0.0,0.0,0.0,0.0,0.0,0.0,0.0,0.0,0.0,0.0,0.0
407.0,1118.0,1413.0,2692.0,849.0,501.0,663.0,310.0,534.0,240.0,669.0,1228.0,1698.0,2134.0,678.0,530.0,6053.0,1705.0,2204.0,704.0,3073.0,722.0,1198.0,885.0,771.0,3002.0,1332.0,1434.0,927.0,1693.0,1341.0,1968.0,526.0,2128.0,1776.0,1761.0,1083.0,651.0,367.0,1338.0,471.0,827.0,790.0,1028.0,1823.0,449.0,262.0,642.0,170.0,1199.0,295.0,945.0,3024.0,917.0,1629.0,1806.0,788.0,361.0,516.0,332.0,1985.0,207.0,1118.0,1719.0,1190.0,1167.0,638.0,1778.0,1124.0,947.0,471.0,211.0,772.0,2380.0,972.0,495.0,971.0,1674.0,1305.0,1653.0,2248.0,514.0,197.0,1057.0,203.0,1886.0,846.0,998.0,450.0,1305.0,328.0,1687.0,435.0,1257.0,2029.0,390.0,1180.0,947.0,1303.0,612.0,176.0,1070.0,3736.0,1082.0,507.0,902.0,2348.0,1109.0,1102.0,1898.0,1583.0,1447.0,1718.0,1637.0,185.0,436.0,797.0,2010.0,256.0,1487.0,270.0,3186.0,807.0,871.0,271.0,293.0,862.0,806.0,1815.0,616.0,1359.0,1222.0,551.0,1025.0,1406.0,3093.0,459.0,1529.0,292.0,2060.0,1428.0,789.0,1450.0,1201.0,985.0,755.0,259.0,871.0,194.0,516.0,366.0,0.0,0.0,0.0,0.0,0.0,0.0,0.0,0.0,0.0,0.0,0.0,0.0,0.0,0.0,0.0,0.0,0.0,0.0,0.0,0.0,0.0,0.0,0.0,0.0,0.0,0.0,0.0,0.0,0.0,0.0,0.0,0.0,0.0,0.0,0.0,0.0,0.0,0.0,0.0,0.0,0.0,0.0,0.0,0.0,0.0,0.0,0.0,0.0,0.0,0.0,0.0,0.0,0.0,0.0,0.0,0.0,0.0,0.0,0.0,0.0,0.0,0.0,0.0,0.0,0.0,0.0,0.0,0.0,0.0,0.0,0.0,0.0,0.0,0.0,0.0,0.0,0.0,0.0,0.0,0.0,0.0,0.0,0.0,0.0,0.0,0.0,0.0,0.0,0.0,0.0,0.0,0.0,0.0,0.0,0.0,0.0,0.0,0.0,0.0,0.0,0.0,0.0,0.0,0.0,0.0,0.0,0.0,0.0,0.0,0.0,0.0,0.0,0.0,0.0,0.0,0.0,0.0,0.0,0.0,0.0,0.0,0.0,0.0,0.0,0.0,0.0,0.0,0.0,0.0,0.0,0.0,0.0,0.0,0.0,0.0,0.0,0.0,0.0,0.0,0.0,0.0,0.0,0.0,0.0,0.0,0.0,0.0,0.0,0.0,0.0,0.0,0.0,0.0,0.0,0.0,0.0,0.0,0.0,0.0,0.0,0.0,0.0,0.0,0.0,0.0,0.0,0.0,0.0,0.0,0.0,0.0,0.0,0.0,0.0,0.0,0.0,0.0,0.0,0.0,0.0,0.0,0.0,0.0,0.0,0.0,0.0,0.0,0.0,0.0,0.0,0.0,0.0,0.0,0.0,0.0,0.0,0.0,0.0,0.0,0.0,0.0,0.0,0.0,0.0,0.0,0.0,0.0,0.0,0.0,0.0,0.0,0.0,0.0,0.0,0.0,0.0,0.0,0.0,0.0,0.0,0.0,0.0,0.0,0.0
407.0,176.0,338.0,1031.0,1428.0,2731.0,903.0,491.0,703.0,326.0,553.0,219.0,712.0,1779.0,1260.0,2985.0,1096.0,583.0,1766.0,4454.0,2247.0,776.0,3060.0,722.0,1015.0,803.0,2811.0,1252.0,1399.0,1523.0,1002.0,1773.0,1229.0,550.0,1157.0,819.0,2031.0,1853.0,1866.0,653.0,298.0,1115.0,1061.0,485.0,911.0,893.0,1089.0,1596.0,468.0,151.0,655.0,251.0,190.0,1610.0,329.0,1010.0,956.0,2793.0,1728.0,1732.0,875.0,386.0,1875.0,200.0,1157.0,292.0,1665.0,1144.0,259.0,664.0,1265.0,2796.0,857.0,1091.0,461.0,747.0,259.0,2409.0,453.0,1038.0,1376.0,1688.0,1651.0,2140.0,961.0,471.0,193.0,180.0,1710.0,898.0,945.0,413.0,1202.0,337.0,449.0,1109.0,1697.0,356.0,1107.0,171.0,1842.0,939.0,562.0,170.0,1082.0,1225.0,501.0,1038.0,933.0,3637.0,2245.0,1145.0,1067.0,1562.0,1614.0,1817.0,1588.0,1461.0,189.0,384.0,777.0,915.0,297.0,1487.0,1981.0,249.0,2893.0,233.0,795.0,227.0,674.0,841.0,1754.0,613.0,1282.0,1114.0,532.0,1064.0,1346.0,2730.0,452.0,263.0,2058.0,1391.0,1195.0,775.0,1145.0,1089.0,972.0,928.0,248.0,871.0,511.0,420.0,0.0,0.0,0.0,0.0,0.0,0.0,0.0,0.0,0.0,0.0,0.0,0.0,0.0,0.0,0.0,0.0,0.0,0.0,0.0,0.0,0.0,0.0,0.0,0.0,0.0,0.0,0.0,0.0,0.0,0.0,0.0,0.0,0.0,0.0,0.0,0.0,0.0,0.0,0.0,0.0,0.0,0.0,0.0,0.0,0.0,0.0,0.0,0.0,0.0,0.0,0.0,0.0,0.0,0.0,0.0,0.0,0.0,0.0,0.0,0.0,0.0,0.0,0.0,0.0,0.0,0.0,0.0,0.0,0.0,0.0,0.0,0.0,0.0,0.0,0.0,0.0,0.0,0.0,0.0,0.0,0.0,0.0,0.0,0.0,0.0,0.0,0.0,0.0,0.0,0.0,0.0,0.0,0.0,0.0,0.0,0.0,0.0,0.0,0.0,0.0,0.0,0.0,0.0,0.0,0.0,0.0,0.0,0.0,0.0,0.0,0.0,0.0,0.0,0.0,0.0,0.0,0.0,0.0,0.0,0.0,0.0,0.0,0.0,0.0,0.0,0.0,0.0,0.0,0.0,0.0,0.0,0.0,0.0,0.0,0.0,0.0,0.0,0.0,0.0,0.0,0.0,0.0,0.0,0.0,0.0,0.0,0.0,0.0,0.0,0.0,0.0,0.0,0.0,0.0,0.0,0.0,0.0,0.0,0.0,0.0,0.0,0.0,0.0,0.0,0.0,0.0,0.0,0.0,0.0,0.0,0.0,0.0,0.0,0.0,0.0,0.0,0.0,0.0,0.0,0.0,0.0,0.0,0.0,0.0,0.0,0.0,0.0,0.0,0.0,0.0,0.0,0.0,0.0,0.0,0.0,0.0,0.0,0.0,0.0,0.0,0.0,0.0,0.0,0.0,0.0,0.0,0.0,0.0,0.0,0.0,0.0,0.0,0.0,0.0,0.0,0.0,0.0,0.0,0.0,0.0,0.0
326.0,423.0,1095.0,825.0,1489.0,2652.0,866.0,526.0,687.0,490.0,664.0,372.0,252.0,1167.0,1778.0,2170.0,977.0,566.0,1753.0,4379.0,2242.0,603.0,2931.0,714.0,821.0,941.0,811.0,2819.0,1201.0,1334.0,1624.0,916.0,1265.0,577.0,1162.0,1768.0,755.0,1992.0,1754.0,1850.0,1051.0,273.0,666.0,518.0,1295.0,962.0,1736.0,1480.0,511.0,151.0,265.0,636.0,200.0,379.0,1648.0,996.0,930.0,1723.0,2836.0,906.0,1715.0,355.0,1800.0,226.0,1241.0,308.0,1556.0,1205.0,263.0,1253.0,648.0,1872.0,795.0,1087.0,432.0,754.0,232.0,2415.0,939.0,494.0,1680.0,936.0,1697.0,1246.0,1044.0,3028.0,203.0,578.0,1713.0,380.0,992.0,1291.0,356.0,1673.0,1104.0,479.0,331.0,1140.0,1899.0,168.0,1001.0,558.0,1092.0,3555.0,487.0,1288.0,921.0,938.0,1095.0,2138.0,1083.0,1655.0,1775.0,1497.0,1423.0,1550.0,196.0,524.0,798.0,1401.0,977.0,279.0,821.0,238.0,2775.0,275.0,1888.0,221.0,955.0,688.0,589.0,1097.0,1768.0,1195.0,537.0,1037.0,1431.0,480.0,2973.0,243.0,2041.0,1442.0,1469.0,722.0,1305.0,966.0,1080.0,242.0,768.0,620.0,418.0,292.0,0.0,0.0,0.0,0.0,0.0,0.0,0.0,0.0,0.0,0.0,0.0,0.0,0.0,0.0,0.0,0.0,0.0,0.0,0.0,0.0,0.0,0.0,0.0,0.0,0.0,0.0,0.0,0.0,0.0,0.0,0.0,0.0,0.0,0.0,0.0,0.0,0.0,0.0,0.0,0.0,0.0,0.0,0.0,0.0,0.0,0.0,0.0,0.0,0.0,0.0,0.0,0.0,0.0,0.0,0.0,0.0,0.0,0.0,0.0,0.0,0.0,0.0,0.0,0.0,0.0,0.0,0.0,0.0,0.0,0.0,0.0,0.0,0.0,0.0,0.0,0.0,0.0,0.0,0.0,0.0,0.0,0.0,0.0,0.0,0.0,0.0,0.0,0.0,0.0,0.0,0.0,0.0,0.0,0.0,0.0,0.0,0.0,0.0,0.0,0.0,0.0,0.0,0.0,0.0,0.0,0.0,0.0,0.0,0.0,0.0,0.0,0.0,0.0,0.0,0.0,0.0,0.0,0.0,0.0,0.0,0.0,0.0,0.0,0.0,0.0,0.0,0.0,0.0,0.0,0.0,0.0,0.0,0.0,0.0,0.0,0.0,0.0,0.0,0.0,0.0,0.0,0.0,0.0,0.0,0.0,0.0,0.0,0.0,0.0,0.0,0.0,0.0,0.0,0.0,0.0,0.0,0.0,0.0,0.0,0.0,0.0,0.0,0.0,0.0,0.0,0.0,0.0,0.0,0.0,0.0,0.0,0.0,0.0,0.0,0.0,0.0,0.0,0.0,0.0,0.0,0.0,0.0,0.0,0.0,0.0,0.0,0.0,0.0,0.0,0.0,0.0,0.0,0.0,0.0,0.0,0.0,0.0,0.0,0.0,0.0,0.0,0.0,0.0,0.0,0.0,0.0,0.0,0.0,0.0,0.0,0.0,0.0,0.0,0.0,0.0,0.0,0.0,0.0,0.0,0.0,0.0,0.0,0.0
519.0,422.0,1083.0,1104.0,1564.0,893.0,2566.0,485.0,636.0,648.0,482.0,250.0,1169.0,1710.0,2995.0,836.0,555.0,1857.0,639.0,3161.0,769.0,4279.0,2981.0,1037.0,2599.0,1346.0,1255.0,1575.0,1009.0,1253.0,499.0,1220.0,1796.0,2503.0,1983.0,1765.0,325.0,709.0,1414.0,1036.0,558.0,933.0,1737.0,1384.0,155.0,480.0,644.0,234.0,187.0,332.0,1539.0,907.0,1655.0,921.0,2856.0,871.0,1651.0,365.0,1763.0,179.0,308.0,1267.0,1202.0,1572.0,262.0,1914.0,678.0,1146.0,1065.0,813.0,701.0,239.0,449.0,2427.0,929.0,515.0,1639.0,892.0,1809.0,1274.0,980.0,2921.0,477.0,198.0,1720.0,417.0,1006.0,1268.0,357.0,1033.0,1585.0,415.0,1032.0,334.0,1186.0,164.0,1978.0,578.0,1084.0,1262.0,3465.0,450.0,1115.0,856.0,1122.0,2008.0,1090.0,1807.0,1607.0,1534.0,1552.0,1512.0,169.0,502.0,727.0,1409.0,935.0,834.0,247.0,208.0,2725.0,1837.0,258.0,694.0,169.0,888.0,601.0,1182.0,1208.0,1729.0,551.0,999.0,1550.0,492.0,264.0,2474.0,1891.0,1326.0,754.0,1308.0,1785.0,1110.0,946.0,767.0,239.0,799.0,402.0,506.0,0.0,0.0,0.0,0.0,0.0,0.0,0.0,0.0,0.0,0.0,0.0,0.0,0.0,0.0,0.0,0.0,0.0,0.0,0.0,0.0,0.0,0.0,0.0,0.0,0.0,0.0,0.0,0.0,0.0,0.0,0.0,0.0,0.0,0.0,0.0,0.0,0.0,0.0,0.0,0.0,0.0,0.0,0.0,0.0,0.0,0.0,0.0,0.0,0.0,0.0,0.0,0.0,0.0,0.0,0.0,0.0,0.0,0.0,0.0,0.0,0.0,0.0,0.0,0.0,0.0,0.0,0.0,0.0,0.0,0.0,0.0,0.0,0.0,0.0,0.0,0.0,0.0,0.0,0.0,0.0,0.0,0.0,0.0,0.0,0.0,0.0,0.0,0.0,0.0,0.0,0.0,0.0,0.0,0.0,0.0,0.0,0.0,0.0,0.0,0.0,0.0,0.0,0.0,0.0,0.0,0.0,0.0,0.0,0.0,0.0,0.0,0.0,0.0,0.0,0.0,0.0,0.0,0.0,0.0,0.0,0.0,0.0,0.0,0.0,0.0,0.0,0.0,0.0,0.0,0.0,0.0,0.0,0.0,0.0,0.0,0.0,0.0,0.0,0.0,0.0,0.0,0.0,0.0,0.0,0.0,0.0,0.0,0.0,0.0,0.0,0.0,0.0,0.0,0.0,0.0,0.0,0.0,0.0,0.0,0.0,0.0,0.0,0.0,0.0,0.0,0.0,0.0,0.0,0.0,0.0,0.0,0.0,0.0,0.0,0.0,0.0,0.0,0.0,0.0,0.0,0.0,0.0,0.0,0.0,0.0,0.0,0.0,0.0,0.0,0.0,0.0,0.0,0.0,0.0,0.0,0.0,0.0,0.0,0.0,0.0,0.0,0.0,0.0,0.0,0.0,0.0,0.0,0.0,0.0,0.0,0.0,0.0,0.0,0.0,0.0,0.0,0.0,0.0,0.0,0.0,0.0,0.0,0.0,0.0,0.0,0.0,0.0
481.0,249.0,854.0,1109.0,1555.0,3151.0,903.0,480.0,642.0,496.0,1170.0,616.0,225.0,1799.0,778.0,516.0,2312.0,1838.0,3131.0,784.0,788.0,4365.0,2943.0,914.0,751.0,2524.0,1389.0,1084.0,1564.0,970.0,1248.0,1272.0,1765.0,490.0,680.0,1976.0,1827.0,1783.0,698.0,315.0,1264.0,492.0,1006.0,1014.0,1628.0,453.0,150.0,250.0,588.0,185.0,1263.0,335.0,1487.0,941.0,2777.0,1571.0,932.0,833.0,1727.0,1855.0,301.0,308.0,182.0,3207.0,1615.0,1123.0,259.0,681.0,1208.0,989.0,722.0,269.0,434.0,240.0,747.0,2289.0,522.0,1038.0,1716.0,1748.0,1293.0,904.0,3490.0,204.0,1473.0,1786.0,413.0,172.0,320.0,1298.0,1155.0,427.0,1578.0,394.0,970.0,161.0,611.0,2031.0,1027.0,1516.0,1075.0,255.0,3377.0,536.0,1088.0,901.0,1138.0,1992.0,1086.0,1529.0,1671.0,1930.0,1521.0,1526.0,490.0,657.0,869.0,216.0,859.0,1411.0,2733.0,257.0,1911.0,303.0,689.0,170.0,919.0,591.0,1205.0,1787.0,1205.0,553.0,1471.0,973.0,465.0,255.0,2342.0,1858.0,1321.0,1209.0,790.0,1470.0,1012.0,919.0,943.0,248.0,870.0,551.0,400.0,0.0,0.0,0.0,0.0,0.0,0.0,0.0,0.0,0.0,0.0,0.0,0.0,0.0,0.0,0.0,0.0,0.0,0.0,0.0,0.0,0.0,0.0,0.0,0.0,0.0,0.0,0.0,0.0,0.0,0.0,0.0,0.0,0.0,0.0,0.0,0.0,0.0,0.0,0.0,0.0,0.0,0.0,0.0,0.0,0.0,0.0,0.0,0.0,0.0,0.0,0.0,0.0,0.0,0.0,0.0,0.0,0.0,0.0,0.0,0.0,0.0,0.0,0.0,0.0,0.0,0.0,0.0,0.0,0.0,0.0,0.0,0.0,0.0,0.0,0.0,0.0,0.0,0.0,0.0,0.0,0.0,0.0,0.0,0.0,0.0,0.0,0.0,0.0,0.0,0.0,0.0,0.0,0.0,0.0,0.0,0.0,0.0,0.0,0.0,0.0,0.0,0.0,0.0,0.0,0.0,0.0,0.0,0.0,0.0,0.0,0.0,0.0,0.0,0.0,0.0,0.0,0.0,0.0,0.0,0.0,0.0,0.0,0.0,0.0,0.0,0.0,0.0,0.0,0.0,0.0,0.0,0.0,0.0,0.0,0.0,0.0,0.0,0.0,0.0,0.0,0.0,0.0,0.0,0.0,0.0,0.0,0.0,0.0,0.0,0.0,0.0,0.0,0.0,0.0,0.0,0.0,0.0,0.0,0.0,0.0,0.0,0.0,0.0,0.0,0.0,0.0,0.0,0.0,0.0,0.0,0.0,0.0,0.0,0.0,0.0,0.0,0.0,0.0,0.0,0.0,0.0,0.0,0.0,0.0,0.0,0.0,0.0,0.0,0.0,0.0,0.0,0.0,0.0,0.0,0.0,0.0,0.0,0.0,0.0,0.0,0.0,0.0,0.0,0.0,0.0,0.0,0.0,0.0,0.0,0.0,0.0,0.0,0.0,0.0,0.0,0.0,0.0,0.0,0.0,0.0,0.0,0.0,0.0,0.0,0.0,0.0
307.0,293.0,944.0,1059.0,1440.0,873.0,506.0,607.0,2892.0,1109.0,473.0,244.0,650.0,1781.0,857.0,2341.0,467.0,1729.0,3018.0,625.0,4178.0,768.0,2909.0,1217.0,852.0,2660.0,1079.0,1394.0,1525.0,1283.0,992.0,1678.0,1266.0,499.0,699.0,1951.0,1954.0,1759.0,685.0,318.0,1416.0,982.0,516.0,947.0,1695.0,462.0,278.0,544.0,260.0,329.0,1309.0,1372.0,1061.0,2822.0,879.0,1574.0,769.0,1664.0,315.0,1781.0,312.0,188.0,2803.0,1584.0,1188.0,261.0,619.0,1243.0,987.0,805.0,260.0,418.0,216.0,825.0,2180.0,949.0,552.0,1579.0,1739.0,969.0,1219.0,3400.0,216.0,1398.0,1820.0,163.0,414.0,1305.0,348.0,1024.0,419.0,1672.0,342.0,177.0,1011.0,1961.0,558.0,1037.0,1576.0,197.0,1014.0,504.0,3169.0,1046.0,851.0,1150.0,1878.0,1607.0,2005.0,1085.0,1507.0,1476.0,1497.0,475.0,715.0,1402.0,839.0,769.0,220.0,1912.0,2704.0,252.0,282.0,706.0,167.0,853.0,564.0,1162.0,1676.0,1196.0,532.0,1365.0,954.0,2442.0,425.0,224.0,1807.0,1296.0,1446.0,1250.0,736.0,994.0,1017.0,246.0,982.0,788.0,735.0,479.0,217.0,0.0,0.0,0.0,0.0,0.0,0.0,0.0,0.0,0.0,0.0,0.0,0.0,0.0,0.0,0.0,0.0,0.0,0.0,0.0,0.0,0.0,0.0,0.0,0.0,0.0,0.0,0.0,0.0,0.0,0.0,0.0,0.0,0.0,0.0,0.0,0.0,0.0,0.0,0.0,0.0,0.0,0.0,0.0,0.0,0.0,0.0,0.0,0.0,0.0,0.0,0.0,0.0,0.0,0.0,0.0,0.0,0.0,0.0,0.0,0.0,0.0,0.0,0.0,0.0,0.0,0.0,0.0,0.0,0.0,0.0,0.0,0.0,0.0,0.0,0.0,0.0,0.0,0.0,0.0,0.0,0.0,0.0,0.0,0.0,0.0,0.0,0.0,0.0,0.0,0.0,0.0,0.0,0.0,0.0,0.0,0.0,0.0,0.0,0.0,0.0,0.0,0.0,0.0,0.0,0.0,0.0,0.0,0.0,0.0,0.0,0.0,0.0,0.0,0.0,0.0,0.0,0.0,0.0,0.0,0.0,0.0,0.0,0.0,0.0,0.0,0.0,0.0,0.0,0.0,0.0,0.0,0.0,0.0,0.0,0.0,0.0,0.0,0.0,0.0,0.0,0.0,0.0,0.0,0.0,0.0,0.0,0.0,0.0,0.0,0.0,0.0,0.0,0.0,0.0,0.0,0.0,0.0,0.0,0.0,0.0,0.0,0.0,0.0,0.0,0.0,0.0,0.0,0.0,0.0,0.0,0.0,0.0,0.0,0.0,0.0,0.0,0.0,0.0,0.0,0.0,0.0,0.0,0.0,0.0,0.0,0.0,0.0,0.0,0.0,0.0,0.0,0.0,0.0,0.0,0.0,0.0,0.0,0.0,0.0,0.0,0.0,0.0,0.0,0.0,0.0,0.0,0.0,0.0,0.0,0.0,0.0,0.0,0.0,0.0,0.0,0.0,0.0,0.0,0.0,0.0,0.0,0.0,0.0,0.0,0.0,0.0
243.0,359.0,1000.0,1075.0,1576.0,960.0,623.0,517.0,448.0,2839.0,177.0,1274.0,1528.0,1891.0,518.0,2277.0,1683.0,3026.0,655.0,814.0,4246.0,2814.0,809.0,1155.0,2585.0,1249.0,1436.0,1501.0,950.0,1278.0,1291.0,1636.0,539.0,782.0,1913.0,1941.0,1671.0,696.0,330.0,1403.0,914.0,1029.0,725.0,1467.0,458.0,176.0,548.0,265.0,330.0,1294.0,1455.0,2836.0,1073.0,852.0,1708.0,757.0,1676.0,262.0,1828.0,175.0,335.0,2780.0,1657.0,1177.0,269.0,1240.0,768.0,805.0,997.0,453.0,275.0,773.0,2162.0,292.0,986.0,541.0,1718.0,1815.0,1279.0,1021.0,3265.0,214.0,1479.0,1896.0,392.0,345.0,1319.0,1066.0,1688.0,2060.0,330.0,220.0,1076.0,593.0,1830.0,991.0,1127.0,507.0,3251.0,889.0,865.0,1172.0,1837.0,1952.0,1143.0,1673.0,1533.0,1442.0,1586.0,471.0,1282.0,894.0,650.0,797.0,1901.0,2830.0,241.0,231.0,232.0,688.0,161.0,872.0,1178.0,583.0,1716.0,1256.0,552.0,1554.0,1031.0,2486.0,460.0,241.0,1735.0,1234.0,1270.0,1829.0,779.0,1049.0,1094.0,246.0,766.0,673.0,540.0,371.0,0.0,0.0,0.0,0.0,0.0,0.0,0.0,0.0,0.0,0.0,0.0,0.0,0.0,0.0,0.0,0.0,0.0,0.0,0.0,0.0,0.0,0.0,0.0,0.0,0.0,0.0,0.0,0.0,0.0,0.0,0.0,0.0,0.0,0.0,0.0,0.0,0.0,0.0,0.0,0.0,0.0,0.0,0.0,0.0,0.0,0.0,0.0,0.0,0.0,0.0,0.0,0.0,0.0,0.0,0.0,0.0,0.0,0.0,0.0,0.0,0.0,0.0,0.0,0.0,0.0,0.0,0.0,0.0,0.0,0.0,0.0,0.0,0.0,0.0,0.0,0.0,0.0,0.0,0.0,0.0,0.0,0.0,0.0,0.0,0.0,0.0,0.0,0.0,0.0,0.0,0.0,0.0,0.0,0.0,0.0,0.0,0.0,0.0,0.0,0.0,0.0,0.0,0.0,0.0,0.0,0.0,0.0,0.0,0.0,0.0,0.0,0.0,0.0,0.0,0.0,0.0,0.0,0.0,0.0,0.0,0.0,0.0,0.0,0.0,0.0,0.0,0.0,0.0,0.0,0.0,0.0,0.0,0.0,0.0,0.0,0.0,0.0,0.0,0.0,0.0,0.0,0.0,0.0,0.0,0.0,0.0,0.0,0.0,0.0,0.0,0.0,0.0,0.0,0.0,0.0,0.0,0.0,0.0,0.0,0.0,0.0,0.0,0.0,0.0,0.0,0.0,0.0,0.0,0.0,0.0,0.0,0.0,0.0,0.0,0.0,0.0,0.0,0.0,0.0,0.0,0.0,0.0,0.0,0.0,0.0,0.0,0.0,0.0,0.0,0.0,0.0,0.0,0.0,0.0,0.0,0.0,0.0,0.0,0.0,0.0,0.0,0.0,0.0,0.0,0.0,0.0,0.0,0.0,0.0,0.0,0.0,0.0,0.0,0.0,0.0,0.0,0.0,0.0,0.0,0.0,0.0,0.0,0.0,0.0,0.0,0.0,0.0,0.0,0.0,0.0,0.0
207.0,324.0,1069.0,1534.0,898.0,532.0,705.0,447.0,2661.0,1421.0,204.0,1811.0,3192.0,3062.0,1751.0,599.0,821.0,4316.0,2763.0,2810.0,1157.0,2571.0,1351.0,1403.0,1544.0,984.0,1276.0,1662.0,2077.0,508.0,1192.0,787.0,2030.0,1725.0,652.0,324.0,1170.0,945.0,982.0,765.0,1403.0,466.0,1353.0,180.0,562.0,269.0,354.0,1088.0,1625.0,3021.0,915.0,1307.0,777.0,1666.0,216.0,1848.0,166.0,1725.0,2702.0,254.0,1242.0,1249.0,1771.0,864.0,468.0,232.0,803.0,2134.0,315.0,973.0,513.0,1593.0,1765.0,1278.0,931.0,210.0,3208.0,1458.0,1998.0,420.0,4228.0,319.0,1139.0,368.0,1742.0,2032.0,1016.0,171.0,1152.0,606.0,575.0,1115.0,3269.0,921.0,1154.0,1892.0,2083.0,1160.0,1654.0,1494.0,1542.0,1521.0,414.0,1367.0,716.0,3739.0,1898.0,822.0,253.0,217.0,245.0,257.0,982.0,673.0,1122.0,1655.0,591.0,1320.0,610.0,514.0,1582.0,2470.0,1039.0,234.0,1819.0,1841.0,1267.0,1187.0,754.0,1004.0,1153.0,252.0,722.0,621.0,633.0,415.0,0.0,0.0,0.0,0.0,0.0,0.0,0.0,0.0,0.0,0.0,0.0,0.0,0.0,0.0,0.0,0.0,0.0,0.0,0.0,0.0,0.0,0.0,0.0,0.0,0.0,0.0,0.0,0.0,0.0,0.0,0.0,0.0,0.0,0.0,0.0,0.0,0.0,0.0,0.0,0.0,0.0,0.0,0.0,0.0,0.0,0.0,0.0,0.0,0.0,0.0,0.0,0.0,0.0,0.0,0.0,0.0,0.0,0.0,0.0,0.0,0.0,0.0,0.0,0.0,0.0,0.0,0.0,0.0,0.0,0.0,0.0,0.0,0.0,0.0,0.0,0.0,0.0,0.0,0.0,0.0,0.0,0.0,0.0,0.0,0.0,0.0,0.0,0.0,0.0,0.0,0.0,0.0,0.0,0.0,0.0,0.0,0.0,0.0,0.0,0.0,0.0,0.0,0.0,0.0,0.0,0.0,0.0,0.0,0.0,0.0,0.0,0.0,0.0,0.0,0.0,0.0,0.0,0.0,0.0,0.0,0.0,0.0,0.0,0.0,0.0,0.0,0.0,0.0,0.0,0.0,0.0,0.0,0.0,0.0,0.0,0.0,0.0,0.0,0.0,0.0,0.0,0.0,0.0,0.0,0.0,0.0,0.0,0.0,0.0,0.0,0.0,0.0,0.0,0.0,0.0,0.0,0.0,0.0,0.0,0.0,0.0,0.0,0.0,0.0,0.0,0.0,0.0,0.0,0.0,0.0,0.0,0.0,0.0,0.0,0.0,0.0,0.0,0.0,0.0,0.0,0.0,0.0,0.0,0.0,0.0,0.0,0.0,0.0,0.0,0.0,0.0,0.0,0.0,0.0,0.0,0.0,0.0,0.0,0.0,0.0,0.0,0.0,0.0,0.0,0.0,0.0,0.0,0.0,0.0,0.0,0.0,0.0,0.0,0.0,0.0,0.0,0.0,0.0,0.0,0.0,0.0,0.0,0.0,0.0,0.0,0.0,0.0,0.0,0.0,0.0,0.0,0.0,0.0,0.0,0.0,0.0,0.0,0.0,0.0
481.0,158.0,1419.0,1042.0,526.0,809.0,2513.0,640.0,410.0,160.0,1316.0,3132.0,1609.0,2835.0,1568.0,2862.0,532.0,716.0,2651.0,4354.0,1115.0,1243.0,2386.0,1382.0,1511.0,923.0,1236.0,1542.0,2058.0,1109.0,2447.0,413.0,1948.0,621.0,327.0,1208.0,962.0,917.0,582.0,1372.0,182.0,468.0,554.0,249.0,1327.0,358.0,1021.0,826.0,2630.0,1564.0,853.0,1235.0,1660.0,207.0,1892.0,288.0,1319.0,1686.0,2599.0,282.0,1215.0,1577.0,782.0,440.0,2207.0,241.0,228.0,750.0,980.0,514.0,1601.0,1738.0,867.0,1155.0,3095.0,209.0,1301.0,1926.0,414.0,328.0,1371.0,1078.0,336.0,1680.0,1714.0,163.0,986.0,1099.0,533.0,2788.0,1096.0,3134.0,459.0,150.0,870.0,1123.0,1848.0,1487.0,1886.0,1180.0,1524.0,1443.0,1474.0,193.0,426.0,716.0,1333.0,3680.0,779.0,1785.0,259.0,202.0,225.0,243.0,687.0,1031.0,580.0,1136.0,1546.0,1240.0,581.0,1470.0,1005.0,437.0,240.0,2525.0,1842.0,1034.0,1262.0,1709.0,723.0,1016.0,231.0,858.0,636.0,565.0,590.0,358.0,0.0,0.0,0.0,0.0,0.0,0.0,0.0,0.0,0.0,0.0,0.0,0.0,0.0,0.0,0.0,0.0,0.0,0.0,0.0,0.0,0.0,0.0,0.0,0.0,0.0,0.0,0.0,0.0,0.0,0.0,0.0,0.0,0.0,0.0,0.0,0.0,0.0,0.0,0.0,0.0,0.0,0.0,0.0,0.0,0.0,0.0,0.0,0.0,0.0,0.0,0.0,0.0,0.0,0.0,0.0,0.0,0.0,0.0,0.0,0.0,0.0,0.0,0.0,0.0,0.0,0.0,0.0,0.0,0.0,0.0,0.0,0.0,0.0,0.0,0.0,0.0,0.0,0.0,0.0,0.0,0.0,0.0,0.0,0.0,0.0,0.0,0.0,0.0,0.0,0.0,0.0,0.0,0.0,0.0,0.0,0.0,0.0,0.0,0.0,0.0,0.0,0.0,0.0,0.0,0.0,0.0,0.0,0.0,0.0,0.0,0.0,0.0,0.0,0.0,0.0,0.0,0.0,0.0,0.0,0.0,0.0,0.0,0.0,0.0,0.0,0.0,0.0,0.0,0.0,0.0,0.0,0.0,0.0,0.0,0.0,0.0,0.0,0.0,0.0,0.0,0.0,0.0,0.0,0.0,0.0,0.0,0.0,0.0,0.0,0.0,0.0,0.0,0.0,0.0,0.0,0.0,0.0,0.0,0.0,0.0,0.0,0.0,0.0,0.0,0.0,0.0,0.0,0.0,0.0,0.0,0.0,0.0,0.0,0.0,0.0,0.0,0.0,0.0,0.0,0.0,0.0,0.0,0.0,0.0,0.0,0.0,0.0,0.0,0.0,0.0,0.0,0.0,0.0,0.0,0.0,0.0,0.0,0.0,0.0,0.0,0.0,0.0,0.0,0.0,0.0,0.0,0.0,0.0,0.0,0.0,0.0,0.0,0.0,0.0,0.0,0.0,0.0,0.0,0.0,0.0,0.0,0.0,0.0,0.0,0.0,0.0,0.0,0.0,0.0,0.0,0.0,0.0,0.0,0.0,0.0,0.0,0.0
554.0,1423.0,1067.0,885.0,518.0,492.0,640.0,2567.0,1328.0,202.0,1607.0,3214.0,2774.0,1506.0,2831.0,559.0,730.0,5822.0,2436.0,949.0,151.0,1195.0,963.0,2521.0,1540.0,1227.0,1479.0,1218.0,2854.0,2297.0,1908.0,698.0,1133.0,953.0,1009.0,600.0,1416.0,495.0,184.0,612.0,355.0,1233.0,1013.0,1268.0,2905.0,1700.0,926.0,805.0,1699.0,1972.0,1366.0,1713.0,2635.0,312.0,1571.0,1261.0,739.0,2225.0,227.0,438.0,274.0,648.0,576.0,976.0,1646.0,1690.0,833.0,1225.0,183.0,3163.0,1463.0,1860.0,515.0,430.0,1336.0,1029.0,1719.0,329.0,1765.0,188.0,984.0,608.0,1069.0,2733.0,1020.0,3111.0,544.0,907.0,1698.0,1204.0,1834.0,1905.0,1135.0,1551.0,1575.0,1607.0,440.0,190.0,1363.0,716.0,860.0,2905.0,815.0,1834.0,263.0,256.0,228.0,283.0,655.0,946.0,585.0,1683.0,1186.0,443.0,1301.0,490.0,1558.0,2506.0,1025.0,270.0,1860.0,1105.0,1308.0,1635.0,831.0,1049.0,153.0,245.0,706.0,601.0,601.0,451.0,208.0,0.0,0.0,0.0,0.0,0.0,0.0,0.0,0.0,0.0,0.0,0.0,0.0,0.0,0.0,0.0,0.0,0.0,0.0,0.0,0.0,0.0,0.0,0.0,0.0,0.0,0.0,0.0,0.0,0.0,0.0,0.0,0.0,0.0,0.0,0.0,0.0,0.0,0.0,0.0,0.0,0.0,0.0,0.0,0.0,0.0,0.0,0.0,0.0,0.0,0.0,0.0,0.0,0.0,0.0,0.0,0.0,0.0,0.0,0.0,0.0,0.0,0.0,0.0,0.0,0.0,0.0,0.0,0.0,0.0,0.0,0.0,0.0,0.0,0.0,0.0,0.0,0.0,0.0,0.0,0.0,0.0,0.0,0.0,0.0,0.0,0.0,0.0,0.0,0.0,0.0,0.0,0.0,0.0,0.0,0.0,0.0,0.0,0.0,0.0,0.0,0.0,0.0,0.0,0.0,0.0,0.0,0.0,0.0,0.0,0.0,0.0,0.0,0.0,0.0,0.0,0.0,0.0,0.0,0.0,0.0,0.0,0.0,0.0,0.0,0.0,0.0,0.0,0.0,0.0,0.0,0.0,0.0,0.0,0.0,0.0,0.0,0.0,0.0,0.0,0.0,0.0,0.0,0.0,0.0,0.0,0.0,0.0,0.0,0.0,0.0,0.0,0.0,0.0,0.0,0.0,0.0,0.0,0.0,0.0,0.0,0.0,0.0,0.0,0.0,0.0,0.0,0.0,0.0,0.0,0.0,0.0,0.0,0.0,0.0,0.0,0.0,0.0,0.0,0.0,0.0,0.0,0.0,0.0,0.0,0.0,0.0,0.0,0.0,0.0,0.0,0.0,0.0,0.0,0.0,0.0,0.0,0.0,0.0,0.0,0.0,0.0,0.0,0.0,0.0,0.0,0.0,0.0,0.0,0.0,0.0,0.0,0.0,0.0,0.0,0.0,0.0,0.0,0.0,0.0,0.0,0.0,0.0,0.0,0.0,0.0,0.0,0.0,0.0,0.0,0.0,0.0,0.0,0.0,0.0,0.0,0.0,0.0,0.0,0.0,0.0,0.0,0.0
533.0,1093.0,1381.0,858.0,483.0,592.0,536.0,2429.0,1273.0,151.0,2873.0,1644.0,1560.0,2481.0,567.0,684.0,5777.0,2406.0,2555.0,864.0,151.0,1181.0,939.0,2532.0,2301.0,1224.0,159.0,1489.0,1195.0,735.0,1909.0,1995.0,1783.0,992.0,348.0,1010.0,636.0,843.0,1273.0,494.0,185.0,618.0,165.0,372.0,155.0,1302.0,1248.0,2843.0,990.0,969.0,1588.0,785.0,1686.0,185.0,1860.0,178.0,1672.0,2483.0,1214.0,255.0,1462.0,1270.0,692.0,2136.0,239.0,450.0,219.0,628.0,942.0,594.0,1644.0,1530.0,1203.0,777.0,173.0,3093.0,1385.0,1842.0,425.0,437.0,1271.0,982.0,1595.0,358.0,1611.0,170.0,973.0,974.0,552.0,2624.0,155.0,996.0,452.0,2967.0,1027.0,1754.0,1167.0,1743.0,1871.0,1109.0,1445.0,1521.0,1504.0,465.0,201.0,755.0,1344.0,866.0,2880.0,743.0,228.0,1734.0,213.0,224.0,270.0,630.0,863.0,566.0,1642.0,1202.0,1244.0,430.0,1465.0,1023.0,230.0,483.0,2492.0,1818.0,1076.0,1171.0,1656.0,798.0,1049.0,244.0,945.0,640.0,559.0,448.0,610.0,0.0,0.0,0.0,0.0,0.0,0.0,0.0,0.0,0.0,0.0,0.0,0.0,0.0,0.0,0.0,0.0,0.0,0.0,0.0,0.0,0.0,0.0,0.0,0.0,0.0,0.0,0.0,0.0,0.0,0.0,0.0,0.0,0.0,0.0,0.0,0.0,0.0,0.0,0.0,0.0,0.0,0.0,0.0,0.0,0.0,0.0,0.0,0.0,0.0,0.0,0.0,0.0,0.0,0.0,0.0,0.0,0.0,0.0,0.0,0.0,0.0,0.0,0.0,0.0,0.0,0.0,0.0,0.0,0.0,0.0,0.0,0.0,0.0,0.0,0.0,0.0,0.0,0.0,0.0,0.0,0.0,0.0,0.0,0.0,0.0,0.0,0.0,0.0,0.0,0.0,0.0,0.0,0.0,0.0,0.0,0.0,0.0,0.0,0.0,0.0,0.0,0.0,0.0,0.0,0.0,0.0,0.0,0.0,0.0,0.0,0.0,0.0,0.0,0.0,0.0,0.0,0.0,0.0,0.0,0.0,0.0,0.0,0.0,0.0,0.0,0.0,0.0,0.0,0.0,0.0,0.0,0.0,0.0,0.0,0.0,0.0,0.0,0.0,0.0,0.0,0.0,0.0,0.0,0.0,0.0,0.0,0.0,0.0,0.0,0.0,0.0,0.0,0.0,0.0,0.0,0.0,0.0,0.0,0.0,0.0,0.0,0.0,0.0,0.0,0.0,0.0,0.0,0.0,0.0,0.0,0.0,0.0,0.0,0.0,0.0,0.0,0.0,0.0,0.0,0.0,0.0,0.0,0.0,0.0,0.0,0.0,0.0,0.0,0.0,0.0,0.0,0.0,0.0,0.0,0.0,0.0,0.0,0.0,0.0,0.0,0.0,0.0,0.0,0.0,0.0,0.0,0.0,0.0,0.0,0.0,0.0,0.0,0.0,0.0,0.0,0.0,0.0,0.0,0.0,0.0,0.0,0.0,0.0,0.0,0.0,0.0,0.0,0.0,0.0,0.0,0.0,0.0,0.0,0.0,0.0,0.0
497.0,173.0,1114.0,1428.0,954.0,523.0,706.0,554.0,2511.0,199.0,1219.0,2935.0,1782.0,1597.0,2538.0,546.0,790.0,2510.0,2528.0,5698.0,1055.0,162.0,1213.0,2563.0,916.0,1234.0,2425.0,1558.0,168.0,1196.0,857.0,1978.0,2054.0,1922.0,283.0,924.0,1055.0,971.0,564.0,1257.0,189.0,570.0,636.0,179.0,316.0,160.0,1331.0,1023.0,2708.0,953.0,909.0,1619.0,1659.0,1250.0,223.0,1805.0,182.0,1709.0,1248.0,2348.0,1817.0,1342.0,726.0,436.0,2244.0,236.0,293.0,637.0,606.0,971.0,1772.0,1548.0,1247.0,868.0,3021.0,214.0,1361.0,1828.0,426.0,435.0,1266.0,521.0,1385.0,1502.0,944.0,1020.0,938.0,172.0,2616.0,578.0,980.0,511.0,3074.0,933.0,1726.0,1256.0,1814.0,1148.0,2023.0,1459.0,272.0,1447.0,1475.0,418.0,695.0,1352.0,2866.0,825.0,225.0,724.0,1699.0,215.0,240.0,237.0,645.0,772.0,549.0,1249.0,1228.0,1713.0,416.0,1043.0,245.0,453.0,1482.0,2395.0,1812.0,1545.0,1998.0,834.0,1492.0,1042.0,240.0,994.0,641.0,935.0,490.0,0.0,0.0,0.0,0.0,0.0,0.0,0.0,0.0,0.0,0.0,0.0,0.0,0.0,0.0,0.0,0.0,0.0,0.0,0.0,0.0,0.0,0.0,0.0,0.0,0.0,0.0,0.0,0.0,0.0,0.0,0.0,0.0,0.0,0.0,0.0,0.0,0.0,0.0,0.0,0.0,0.0,0.0,0.0,0.0,0.0,0.0,0.0,0.0,0.0,0.0,0.0,0.0,0.0,0.0,0.0,0.0,0.0,0.0,0.0,0.0,0.0,0.0,0.0,0.0,0.0,0.0,0.0,0.0,0.0,0.0,0.0,0.0,0.0,0.0,0.0,0.0,0.0,0.0,0.0,0.0,0.0,0.0,0.0,0.0,0.0,0.0,0.0,0.0,0.0,0.0,0.0,0.0,0.0,0.0,0.0,0.0,0.0,0.0,0.0,0.0,0.0,0.0,0.0,0.0,0.0,0.0,0.0,0.0,0.0,0.0,0.0,0.0,0.0,0.0,0.0,0.0,0.0,0.0,0.0,0.0,0.0,0.0,0.0,0.0,0.0,0.0,0.0,0.0,0.0,0.0,0.0,0.0,0.0,0.0,0.0,0.0,0.0,0.0,0.0,0.0,0.0,0.0,0.0,0.0,0.0,0.0,0.0,0.0,0.0,0.0,0.0,0.0,0.0,0.0,0.0,0.0,0.0,0.0,0.0,0.0,0.0,0.0,0.0,0.0,0.0,0.0,0.0,0.0,0.0,0.0,0.0,0.0,0.0,0.0,0.0,0.0,0.0,0.0,0.0,0.0,0.0,0.0,0.0,0.0,0.0,0.0,0.0,0.0,0.0,0.0,0.0,0.0,0.0,0.0,0.0,0.0,0.0,0.0,0.0,0.0,0.0,0.0,0.0,0.0,0.0,0.0,0.0,0.0,0.0,0.0,0.0,0.0,0.0,0.0,0.0,0.0,0.0,0.0,0.0,0.0,0.0,0.0,0.0,0.0,0.0,0.0,0.0,0.0,0.0,0.0,0.0,0.0,0.0,0.0,0.0,0.0,0.0,0.0
545.0,213.0,1103.0,1391.0,927.0,686.0,527.0,505.0,2450.0,1215.0,187.0,3007.0,1745.0,1640.0,2457.0,622.0,779.0,4088.0,2519.0,2465.0,637.0,154.0,885.0,1457.0,1236.0,2509.0,2384.0,1174.0,1506.0,156.0,2000.0,2006.0,1924.0,1898.0,860.0,1113.0,968.0,547.0,1239.0,189.0,1364.0,463.0,609.0,555.0,168.0,156.0,1028.0,917.0,2605.0,1805.0,905.0,219.0,1862.0,1337.0,1763.0,181.0,2421.0,1706.0,1234.0,1641.0,1283.0,732.0,2359.0,460.0,234.0,286.0,542.0,719.0,957.0,1724.0,1583.0,907.0,1217.0,3000.0,194.0,1317.0,1795.0,408.0,425.0,1146.0,1222.0,648.0,1515.0,2099.0,169.0,999.0,957.0,2548.0,1092.0,517.0,3071.0,947.0,1872.0,1185.0,1962.0,1921.0,1199.0,1490.0,1415.0,1417.0,200.0,433.0,693.0,1304.0,2858.0,221.0,792.0,784.0,1697.0,233.0,215.0,244.0,672.0,807.0,507.0,3414.0,1726.0,403.0,1280.0,170.0,1113.0,1388.0,485.0,242.0,1777.0,1090.0,1919.0,807.0,1562.0,973.0,1104.0,246.0,754.0,834.0,471.0,0.0,0.0,0.0,0.0,0.0,0.0,0.0,0.0,0.0,0.0,0.0,0.0,0.0,0.0,0.0,0.0,0.0,0.0,0.0,0.0,0.0,0.0,0.0,0.0,0.0,0.0,0.0,0.0,0.0,0.0,0.0,0.0,0.0,0.0,0.0,0.0,0.0,0.0,0.0,0.0,0.0,0.0,0.0,0.0,0.0,0.0,0.0,0.0,0.0,0.0,0.0,0.0,0.0,0.0,0.0,0.0,0.0,0.0,0.0,0.0,0.0,0.0,0.0,0.0,0.0,0.0,0.0,0.0,0.0,0.0,0.0,0.0,0.0,0.0,0.0,0.0,0.0,0.0,0.0,0.0,0.0,0.0,0.0,0.0,0.0,0.0,0.0,0.0,0.0,0.0,0.0,0.0,0.0,0.0,0.0,0.0,0.0,0.0,0.0,0.0,0.0,0.0,0.0,0.0,0.0,0.0,0.0,0.0,0.0,0.0,0.0,0.0,0.0,0.0,0.0,0.0,0.0,0.0,0.0,0.0,0.0,0.0,0.0,0.0,0.0,0.0,0.0,0.0,0.0,0.0,0.0,0.0,0.0,0.0,0.0,0.0,0.0,0.0,0.0,0.0,0.0,0.0,0.0,0.0,0.0,0.0,0.0,0.0,0.0,0.0,0.0,0.0,0.0,0.0,0.0,0.0,0.0,0.0,0.0,0.0,0.0,0.0,0.0,0.0,0.0,0.0,0.0,0.0,0.0,0.0,0.0,0.0,0.0,0.0,0.0,0.0,0.0,0.0,0.0,0.0,0.0,0.0,0.0,0.0,0.0,0.0,0.0,0.0,0.0,0.0,0.0,0.0,0.0,0.0,0.0,0.0,0.0,0.0,0.0,0.0,0.0,0.0,0.0,0.0,0.0,0.0,0.0,0.0,0.0,0.0,0.0,0.0,0.0,0.0,0.0,0.0,0.0,0.0,0.0,0.0,0.0,0.0,0.0,0.0,0.0,0.0,0.0,0.0,0.0,0.0,0.0,0.0,0.0,0.0,0.0,0.0,0.0,0.0,0.0,0.0
473.0,672.0,598.0,872.0,648.0,481.0,2356.0,2875.0,1180.0,151.0,1605.0,1657.0,2465.0,542.0,3908.0,724.0,2409.0,2401.0,688.0,152.0,918.0,1160.0,1365.0,1531.0,2465.0,1124.0,1454.0,1902.0,1869.0,1851.0,1951.0,603.0,799.0,1175.0,894.0,560.0,1225.0,1365.0,461.0,178.0,625.0,159.0,532.0,2680.0,1006.0,887.0,861.0,1716.0,364.0,1259.0,1750.0,1579.0,1661.0,2344.0,1129.0,1576.0,1265.0,738.0,2273.0,443.0,220.0,208.0,700.0,892.0,553.0,1625.0,1027.0,1733.0,2911.0,1173.0,1318.0,203.0,1681.0,364.0,429.0,1118.0,1238.0,1421.0,1983.0,575.0,169.0,1944.0,1095.0,2487.0,473.0,2997.0,955.0,1964.0,1849.0,1155.0,1127.0,1427.0,1422.0,1695.0,1367.0,212.0,434.0,636.0,1256.0,785.0,198.0,215.0,2783.0,1672.0,742.0,210.0,261.0,696.0,875.0,516.0,3310.0,1598.0,363.0,1250.0,239.0,1048.0,155.0,1397.0,428.0,1774.0,1835.0,778.0,1318.0,1404.0,960.0,154.0,1381.0,241.0,780.0,1596.0,855.0,983.0,750.0,0.0,0.0,0.0,0.0,0.0,0.0,0.0,0.0,0.0,0.0,0.0,0.0,0.0,0.0,0.0,0.0,0.0,0.0,0.0,0.0,0.0,0.0,0.0,0.0,0.0,0.0,0.0,0.0,0.0,0.0,0.0,0.0,0.0,0.0,0.0,0.0,0.0,0.0,0.0,0.0,0.0,0.0,0.0,0.0,0.0,0.0,0.0,0.0,0.0,0.0,0.0,0.0,0.0,0.0,0.0,0.0,0.0,0.0,0.0,0.0,0.0,0.0,0.0,0.0,0.0,0.0,0.0,0.0,0.0,0.0,0.0,0.0,0.0,0.0,0.0,0.0,0.0,0.0,0.0,0.0,0.0,0.0,0.0,0.0,0.0,0.0,0.0,0.0,0.0,0.0,0.0,0.0,0.0,0.0,0.0,0.0,0.0,0.0,0.0,0.0,0.0,0.0,0.0,0.0,0.0,0.0,0.0,0.0,0.0,0.0,0.0,0.0,0.0,0.0,0.0,0.0,0.0,0.0,0.0,0.0,0.0,0.0,0.0,0.0,0.0,0.0,0.0,0.0,0.0,0.0,0.0,0.0,0.0,0.0,0.0,0.0,0.0,0.0,0.0,0.0,0.0,0.0,0.0,0.0,0.0,0.0,0.0,0.0,0.0,0.0,0.0,0.0,0.0,0.0,0.0,0.0,0.0,0.0,0.0,0.0,0.0,0.0,0.0,0.0,0.0,0.0,0.0,0.0,0.0,0.0,0.0,0.0,0.0,0.0,0.0,0.0,0.0,0.0,0.0,0.0,0.0,0.0,0.0,0.0,0.0,0.0,0.0,0.0,0.0,0.0,0.0,0.0,0.0,0.0,0.0,0.0,0.0,0.0,0.0,0.0,0.0,0.0,0.0,0.0,0.0,0.0,0.0,0.0,0.0,0.0,0.0,0.0,0.0,0.0,0.0,0.0,0.0,0.0,0.0,0.0,0.0,0.0,0.0,0.0,0.0,0.0,0.0,0.0,0.0,0.0,0.0,0.0,0.0,0.0,0.0,0.0,0.0,0.0,0.0,0.0,0.0,0.0
8551.0,588.0,1096.0,500.0,498.0,693.0,215.0,3384.0,1204.0,9137.0,585.0,786.0,2597.0,3701.0,6404.0,3725.0,168.0,922.0,163.0,3984.0,2285.0,1439.0,151.0,158.0,1716.0,1083.0,4668.0,2886.0,971.0,592.0,1256.0,2564.0,150.0,564.0,151.0,1247.0,2748.0,880.0,1092.0,426.0,150.0,1378.0,2307.0,1180.0,3375.0,1470.0,3216.0,1954.0,1251.0,1800.0,933.0,1658.0,2166.0,1508.0,1101.0,1054.0,205.0,922.0,1295.0,3248.0,1718.0,406.0,378.0,1273.0,1496.0,1185.0,1742.0,355.0,1264.0,1776.0,168.0,2360.0,512.0,9208.0,10409.0,1959.0,1009.0,1132.0,1205.0,1681.0,2195.0,911.0,420.0,4439.0,2432.0,210.0,219.0,237.0,262.0,1055.0,567.0,7378.0,358.0,4869.0,1500.0,404.0,1782.0,794.0,1029.0,1581.0,157.0,239.0,533.0,484.0,265.0,0.0,0.0,0.0,0.0,0.0,0.0,0.0,0.0,0.0,0.0,0.0,0.0,0.0,0.0,0.0,0.0,0.0,0.0,0.0,0.0,0.0,0.0,0.0,0.0,0.0,0.0,0.0,0.0,0.0,0.0,0.0,0.0,0.0,0.0,0.0,0.0,0.0,0.0,0.0,0.0,0.0,0.0,0.0,0.0,0.0,0.0,0.0,0.0,0.0,0.0,0.0,0.0,0.0,0.0,0.0,0.0,0.0,0.0,0.0,0.0,0.0,0.0,0.0,0.0,0.0,0.0,0.0,0.0,0.0,0.0,0.0,0.0,0.0,0.0,0.0,0.0,0.0,0.0,0.0,0.0,0.0,0.0,0.0,0.0,0.0,0.0,0.0,0.0,0.0,0.0,0.0,0.0,0.0,0.0,0.0,0.0,0.0,0.0,0.0,0.0,0.0,0.0,0.0,0.0,0.0,0.0,0.0,0.0,0.0,0.0,0.0,0.0,0.0,0.0,0.0,0.0,0.0,0.0,0.0,0.0,0.0,0.0,0.0,0.0,0.0,0.0,0.0,0.0,0.0,0.0,0.0,0.0,0.0,0.0,0.0,0.0,0.0,0.0,0.0,0.0,0.0,0.0,0.0,0.0,0.0,0.0,0.0,0.0,0.0,0.0,0.0,0.0,0.0,0.0,0.0,0.0,0.0,0.0,0.0,0.0,0.0,0.0,0.0,0.0,0.0,0.0,0.0,0.0,0.0,0.0,0.0,0.0,0.0,0.0,0.0,0.0,0.0,0.0,0.0,0.0,0.0,0.0,0.0,0.0,0.0,0.0,0.0,0.0,0.0,0.0,0.0,0.0,0.0,0.0,0.0,0.0,0.0,0.0,0.0,0.0,0.0,0.0,0.0,0.0,0.0,0.0,0.0,0.0,0.0,0.0,0.0,0.0,0.0,0.0,0.0,0.0,0.0,0.0,0.0,0.0,0.0,0.0,0.0,0.0,0.0,0.0,0.0,0.0,0.0,0.0,0.0,0.0,0.0,0.0,0.0,0.0,0.0,0.0,0.0,0.0,0.0,0.0,0.0,0.0,0.0,0.0,0.0,0.0,0.0,0.0,0.0,0.0,0.0,0.0,0.0,0.0,0.0,0.0,0.0,0.0,0.0,0.0,0.0,0.0,0.0,0.0,0.0,0.0,0.0,0.0
6932.0,430.0,1082.0,529.0,510.0,682.0,201.0,784.0,1251.0,3170.0,2263.0,13031.0,650.0,2639.0,1013.0,3584.0,3588.0,6184.0,170.0,918.0,2307.0,1480.0,1737.0,977.0,4474.0,2910.0,964.0,580.0,1341.0,2467.0,554.0,184.0,154.0,1245.0,923.0,2667.0,1162.0,4019.0,1300.0,2307.0,1169.0,1424.0,1892.0,3112.0,1209.0,1750.0,969.0,1642.0,2277.0,2174.0,1063.0,940.0,208.0,1317.0,1660.0,3148.0,383.0,400.0,3511.0,520.0,1147.0,1507.0,1760.0,1110.0,1707.0,186.0,478.0,1911.0,9856.0,941.0,8894.0,1143.0,1162.0,1670.0,2119.0,415.0,766.0,2384.0,4040.0,241.0,208.0,235.0,254.0,584.0,1023.0,7268.0,323.0,4626.0,1432.0,440.0,1763.0,749.0,1100.0,1632.0,159.0,246.0,433.0,450.0,234.0,0.0,0.0,0.0,0.0,0.0,0.0,0.0,0.0,0.0,0.0,0.0,0.0,0.0,0.0,0.0,0.0,0.0,0.0,0.0,0.0,0.0,0.0,0.0,0.0,0.0,0.0,0.0,0.0,0.0,0.0,0.0,0.0,0.0,0.0,0.0,0.0,0.0,0.0,0.0,0.0,0.0,0.0,0.0,0.0,0.0,0.0,0.0,0.0,0.0,0.0,0.0,0.0,0.0,0.0,0.0,0.0,0.0,0.0,0.0,0.0,0.0,0.0,0.0,0.0,0.0,0.0,0.0,0.0,0.0,0.0,0.0,0.0,0.0,0.0,0.0,0.0,0.0,0.0,0.0,0.0,0.0,0.0,0.0,0.0,0.0,0.0,0.0,0.0,0.0,0.0,0.0,0.0,0.0,0.0,0.0,0.0,0.0,0.0,0.0,0.0,0.0,0.0,0.0,0.0,0.0,0.0,0.0,0.0,0.0,0.0,0.0,0.0,0.0,0.0,0.0,0.0,0.0,0.0,0.0,0.0,0.0,0.0,0.0,0.0,0.0,0.0,0.0,0.0,0.0,0.0,0.0,0.0,0.0,0.0,0.0,0.0,0.0,0.0,0.0,0.0,0.0,0.0,0.0,0.0,0.0,0.0,0.0,0.0,0.0,0.0,0.0,0.0,0.0,0.0,0.0,0.0,0.0,0.0,0.0,0.0,0.0,0.0,0.0,0.0,0.0,0.0,0.0,0.0,0.0,0.0,0.0,0.0,0.0,0.0,0.0,0.0,0.0,0.0,0.0,0.0,0.0,0.0,0.0,0.0,0.0,0.0,0.0,0.0,0.0,0.0,0.0,0.0,0.0,0.0,0.0,0.0,0.0,0.0,0.0,0.0,0.0,0.0,0.0,0.0,0.0,0.0,0.0,0.0,0.0,0.0,0.0,0.0,0.0,0.0,0.0,0.0,0.0,0.0,0.0,0.0,0.0,0.0,0.0,0.0,0.0,0.0,0.0,0.0,0.0,0.0,0.0,0.0,0.0,0.0,0.0,0.0,0.0,0.0,0.0,0.0,0.0,0.0,0.0,0.0,0.0,0.0,0.0,0.0,0.0,0.0,0.0,0.0,0.0,0.0,0.0,0.0,0.0,0.0,0.0,0.0,0.0,0.0,0.0,0.0,0.0,0.0,0.0,0.0,0.0,0.0,0.0,0.0,0.0,0.0,0.0,0.0
