283.0,206.0,1113.0,961.0,160.0,232.0,319.0,638.0,2322.0,310.0,556.0,1628.0,278.0,788.0,798.0,1745.0,238.0,1044.0,183.0,338.0,285.0,372.0,272.0,167.0,1116.0,194.0,234.0,1576.0,680.0,424.0,1239.0,769.0,304.0,286.0,630.0,201.0,523.0,503.0,851.0,337.0,545.0,632.0,2044.0,353.0,477.0,1956.0,552.0,162.0,562.0,775.0,1567.0,1388.0,508.0,291.0,165.0,278.0,496.0,429.0,346.0,369.0,398.0,1279.0,973.0,539.0,210.0,312.0,289.0,1736.0,816.0,159.0,654.0,198.0,999.0,304.0,947.0,293.0,410.0,576.0,205.0,255.0,1054.0,313.0,261.0,193.0,1041.0,152.0,571.0,545.0,156.0,196.0,880.0,1293.0,238.0,658.0,487.0,264.0,851.0,202.0,435.0,216.0,759.0,428.0,1212.0,618.0,283.0,460.0,229.0,1603.0,1526.0,188.0,280.0,1032.0,172.0,536.0,1128.0,1039.0,432.0,284.0,480.0,327.0,174.0,199.0,157.0,686.0,196.0,525.0,220.0,1154.0,160.0,386.0,154.0,249.0,368.0,226.0,159.0,2999.0,274.0,4704.0,613.0,2359.0,674.0,962.0,176.0,427.0,222.0,201.0,207.0,250.0,363.0,894.0,1179.0,169.0,2421.0,270.0,213.0,207.0,296.0,180.0,276.0,673.0,374.0,543.0,2316.0,478.0,155.0,236.0,290.0,314.0,421.0,364.0,956.0,305.0,1761.0,263.0,369.0,268.0,310.0,518.0,150.0,298.0,439.0,1197.0,181.0,201.0,192.0,1090.0,320.0,335.0,221.0,346.0,242.0,263.0,799.0,867.0,331.0,796.0,424.0,595.0,677.0,180.0,636.0,231.0,725.0,183.0,203.0,681.0,1850.0,502.0,732.0,657.0,395.0,403.0,243.0,341.0,325.0,669.0,278.0,327.0,206.0,880.0,271.0,285.0,569.0,174.0,158.0,1023.0,416.0,329.0,362.0,464.0,365.0,216.0,575.0,1215.0,329.0,235.0,240.0,479.0,480.0,762.0,182.0,152.0,260.0,205.0,779.0,1457.0,421.0,689.0,223.0,196.0,973.0,1270.0,234.0,272.0,583.0,175.0,317.0,494.0,1518.0,189.0,261.0,235.0,573.0,293.0,1173.0,285.0,243.0,229.0,182.0,404.0,217.0,5861.0,588.0,298.0,422.0,473.0,720.0,442.0,189.0,194.0,180.0,1765.0,197.0,187.0,210.0,734.0,166.0,163.0,317.0,386.0,251.0,360.0,178.0,387.0,258.0,212.0,427.0,229.0,157.0,702.0,182.0,281.0,543.0,235.0,397.0,347.0,1265.0,614.0,2086.0,158.0,388.0,219.0,462.0,830.0,155.0,209.0,913.0,178.0,217.0,557.0,192.0,229.0,393.0,764.0,428.0,461.0,162.0,192.0,166.0,160.0,779.0,354.0,726.0,563.0,223.0,156.0,187.0,210.0,256.0,540.0,512.0,427.0,253.0,466.0,1361.0,587.0,184.0,507.0,203.0,241.0,445.0,509.0,1420.0,472.0,269.0,169.0,294.0,237.0,408.0,234.0,165.0,321.0,1113.0,734.0,246.0,1680.0,385.0,274.0,278.0,812.0,2162.0,404.0,376.0,633.0,401.0,446.0,274.0,743.0,440.0,318.0,304.0,242.0,452.0,216.0,338.0,213.0,227.0,411.0,270.0,549.0,316.0,227.0,186.0,176.0,340.0,219.0,241.0,727.0,388.0,351.0,560.0,418.0,300.0,168.0,502.0,155.0,676.0,292.0,1084.0,151.0,1116.0,568.0,305.0,548.0,898.0,355.0,243.0,582.0,862.0,210.0,221.0,613.0,407.0,284.0,302.0,1378.0,215.0,228.0,223.0,177.0,311.0,392.0,229.0,295.0,309.0,297.0,168.0,166.0,168.0,247.0,469.0,483.0,338.0,475.0,208.0,235.0,277.0,196.0,311.0,213.0,159.0,0.0,0.0,0.0,0.0,0.0,0.0,0.0,0.0,0.0,0.0,0.0,0.0,0.0,0.0,0.0,0.0,0.0,0.0,0.0,0.0,0.0,0.0,0.0,0.0,0.0,0.0,0.0,0.0
207.0,196.0,183.0,161.0,206.0,966.0,351.0,158.0,187.0,301.0,1054.0,191.0,423.0,557.0,290.0,517.0,284.0,711.0,1423.0,425.0,432.0,385.0,284.0,276.0,156.0,320.0,174.0,325.0,727.0,442.0,667.0,864.0,367.0,191.0,999.0,506.0,291.0,662.0,291.0,976.0,309.0,1038.0,356.0,327.0,433.0,492.0,767.0,234.0,617.0,199.0,597.0,168.0,160.0,1315.0,454.0,396.0,342.0,385.0,494.0,246.0,252.0,295.0,151.0,621.0,502.0,883.0,229.0,329.0,602.0,155.0,601.0,235.0,763.0,1123.0,810.0,240.0,377.0,316.0,193.0,192.0,168.0,1318.0,414.0,299.0,255.0,676.0,922.0,187.0,293.0,314.0,569.0,202.0,730.0,238.0,290.0,523.0,194.0,283.0,154.0,257.0,209.0,340.0,588.0,220.0,348.0,347.0,1521.0,230.0,2668.0,234.0,266.0,920.0,255.0,224.0,399.0,261.0,244.0,260.0,368.0,854.0,360.0,720.0,189.0,170.0,337.0,396.0,233.0,432.0,601.0,224.0,565.0,378.0,235.0,1135.0,232.0,166.0,176.0,323.0,185.0,159.0,327.0,552.0,478.0,675.0,481.0,740.0,772.0,300.0,163.0,228.0,202.0,751.0,268.0,693.0,710.0,265.0,421.0,407.0,246.0,212.0,215.0,201.0,362.0,211.0,252.0,2185.0,259.0,922.0,551.0,183.0,284.0,491.0,1246.0,198.0,609.0,315.0,206.0,183.0,186.0,291.0,619.0,169.0,323.0,617.0,481.0,371.0,803.0,183.0,444.0,1519.0,265.0,330.0,164.0,255.0,184.0,822.0,400.0,282.0,359.0,1079.0,697.0,287.0,508.0,203.0,486.0,233.0,515.0,968.0,281.0,322.0,772.0,223.0,178.0,156.0,241.0,180.0,233.0,327.0,264.0,663.0,346.0,187.0,323.0,458.0,214.0,550.0,252.0,381.0,683.0,189.0,443.0,787.0,650.0,578.0,314.0,638.0,413.0,345.0,472.0,196.0,203.0,454.0,399.0,183.0,875.0,633.0,257.0,661.0,213.0,999.0,359.0,943.0,161.0,356.0,365.0,357.0,194.0,481.0,382.0,261.0,732.0,209.0,160.0,548.0,269.0,199.0,156.0,171.0,466.0,166.0,155.0,385.0,257.0,360.0,171.0,676.0,192.0,255.0,663.0,200.0,282.0,157.0,464.0,241.0,813.0,163.0,234.0,167.0,180.0,430.0,305.0,154.0,596.0,190.0,182.0,425.0,684.0,200.0,168.0,181.0,158.0,164.0,286.0,151.0,298.0,215.0,370.0,623.0,362.0,178.0,5311.0,181.0,196.0,299.0,1118.0,227.0,318.0,435.0,190.0,325.0,490.0,622.0,319.0,353.0,277.0,185.0,369.0,231.0,243.0,335.0,343.0,229.0,208.0,167.0,674.0,208.0,278.0,225.0,221.0,1115.0,279.0,164.0,318.0,532.0,382.0,269.0,217.0,376.0,374.0,1766.0,582.0,397.0,199.0,596.0,197.0,240.0,374.0,177.0,773.0,244.0,340.0,180.0,201.0,252.0,303.0,383.0,320.0,1041.0,264.0,209.0,507.0,526.0,581.0,556.0,160.0,169.0,399.0,326.0,232.0,153.0,601.0,558.0,450.0,246.0,338.0,231.0,359.0,224.0,818.0,234.0,190.0,195.0,404.0,248.0,539.0,495.0,274.0,321.0,363.0,526.0,240.0,420.0,287.0,2195.0,387.0,658.0,263.0,349.0,349.0,152.0,942.0,210.0,201.0,169.0,595.0,398.0,392.0,180.0,392.0,163.0,365.0,328.0,556.0,328.0,181.0,201.0,293.0,390.0,195.0,455.0,219.0,292.0,259.0,256.0,346.0,180.0,417.0,161.0,167.0,408.0,794.0,270.0,221.0,679.0,159.0,541.0,157.0,318.0,662.0,1362.0,293.0,266.0,415.0,416.0,204.0,408.0,199.0,223.0,273.0,277.0,284.0,821.0,189.0,272.0,177.0,231.0,151.0,232.0,720.0,414.0,341.0,192.0,434.0,197.0,190.0,196.0,192.0,225.0,156.0
461.0,287.0,200.0,246.0,170.0,967.0,177.0,232.0,994.0,207.0,683.0,381.0,250.0,628.0,311.0,333.0,372.0,830.0,290.0,264.0,251.0,282.0,150.0,534.0,1085.0,352.0,332.0,407.0,371.0,232.0,410.0,545.0,933.0,202.0,174.0,391.0,309.0,334.0,278.0,1437.0,278.0,293.0,671.0,1022.0,301.0,337.0,435.0,309.0,243.0,294.0,619.0,199.0,450.0,455.0,162.0,160.0,428.0,343.0,482.0,194.0,357.0,691.0,322.0,761.0,151.0,369.0,182.0,518.0,240.0,748.0,436.0,232.0,458.0,272.0,478.0,275.0,438.0,182.0,170.0,150.0,178.0,283.0,401.0,781.0,733.0,328.0,917.0,408.0,206.0,483.0,316.0,198.0,533.0,1132.0,290.0,780.0,180.0,362.0,1267.0,155.0,265.0,261.0,202.0,336.0,329.0,329.0,186.0,262.0,576.0,2519.0,268.0,531.0,666.0,658.0,219.0,279.0,230.0,415.0,867.0,288.0,309.0,171.0,246.0,160.0,335.0,204.0,699.0,355.0,431.0,705.0,377.0,251.0,701.0,167.0,493.0,288.0,154.0,628.0,289.0,312.0,644.0,415.0,782.0,310.0,552.0,154.0,680.0,183.0,598.0,685.0,308.0,166.0,518.0,270.0,268.0,822.0,213.0,360.0,201.0,282.0,297.0,533.0,705.0,2224.0,315.0,336.0,177.0,226.0,245.0,1032.0,241.0,1089.0,444.0,273.0,166.0,585.0,938.0,480.0,438.0,497.0,479.0,176.0,266.0,552.0,311.0,956.0,223.0,406.0,393.0,278.0,958.0,260.0,594.0,278.0,231.0,488.0,410.0,283.0,651.0,645.0,214.0,533.0,247.0,289.0,209.0,478.0,408.0,657.0,325.0,238.0,737.0,887.0,254.0,765.0,243.0,696.0,335.0,156.0,571.0,481.0,535.0,385.0,607.0,445.0,209.0,359.0,190.0,174.0,469.0,179.0,158.0,738.0,883.0,186.0,264.0,239.0,550.0,740.0,965.0,893.0,158.0,497.0,334.0,312.0,192.0,337.0,535.0,352.0,258.0,172.0,370.0,155.0,478.0,208.0,153.0,644.0,160.0,255.0,160.0,343.0,155.0,233.0,243.0,209.0,683.0,377.0,164.0,162.0,237.0,430.0,676.0,343.0,155.0,369.0,196.0,308.0,440.0,240.0,178.0,554.0,165.0,577.0,428.0,256.0,178.0,175.0,261.0,400.0,266.0,198.0,394.0,868.0,187.0,367.0,596.0,4833.0,178.0,206.0,173.0,1261.0,152.0,290.0,393.0,174.0,450.0,362.0,264.0,225.0,453.0,428.0,322.0,224.0,159.0,1157.0,166.0,236.0,181.0,282.0,350.0,226.0,393.0,316.0,993.0,373.0,216.0,245.0,691.0,160.0,377.0,202.0,458.0,384.0,152.0,453.0,769.0,279.0,268.0,193.0,822.0,162.0,174.0,341.0,300.0,262.0,155.0,303.0,379.0,154.0,273.0,209.0,485.0,480.0,493.0,554.0,1135.0,565.0,179.0,237.0,151.0,416.0,419.0,476.0,180.0,153.0,195.0,1034.0,248.0,201.0,244.0,186.0,413.0,252.0,154.0,184.0,202.0,372.0,245.0,512.0,558.0,263.0,245.0,589.0,343.0,417.0,340.0,264.0,363.0,194.0,448.0,590.0,329.0,235.0,151.0,498.0,653.0,295.0,446.0,369.0,314.0,353.0,666.0,153.0,354.0,424.0,324.0,183.0,168.0,265.0,448.0,561.0,198.0,510.0,698.0,219.0,196.0,280.0,706.0,259.0,157.0,271.0,457.0,330.0,637.0,253.0,184.0,373.0,1304.0,507.0,700.0,630.0,295.0,200.0,652.0,290.0,226.0,207.0,265.0,301.0,307.0,259.0,167.0,185.0,251.0,192.0,770.0,346.0,169.0,176.0,270.0,335.0,209.0,166.0,0.0,0.0,0.0,0.0,0.0,0.0,0.0,0.0,0.0,0.0,0.0,0.0,0.0,0.0,0.0,0.0,0.0,0.0,0.0,0.0,0.0,0.0,0.0,0.0,0.0,0.0,0.0
278.0,721.0,362.0,173.0,250.0,374.0,309.0,235.0,1202.0,254.0,413.0,701.0,800.0,306.0,212.0,746.0,309.0,528.0,614.0,391.0,373.0,672.0,254.0,233.0,511.0,170.0,996.0,314.0,353.0,724.0,466.0,765.0,191.0,398.0,291.0,377.0,1048.0,276.0,287.0,308.0,1411.0,1170.0,354.0,379.0,661.0,366.0,636.0,205.0,459.0,176.0,491.0,496.0,400.0,337.0,160.0,650.0,200.0,285.0,573.0,693.0,687.0,580.0,264.0,204.0,429.0,1775.0,262.0,487.0,454.0,322.0,291.0,206.0,284.0,171.0,698.0,162.0,274.0,175.0,355.0,345.0,338.0,463.0,370.0,1073.0,188.0,494.0,661.0,826.0,210.0,272.0,242.0,492.0,164.0,433.0,284.0,248.0,201.0,357.0,342.0,350.0,180.0,293.0,206.0,581.0,262.0,567.0,241.0,178.0,416.0,261.0,1036.0,229.0,925.0,636.0,438.0,965.0,305.0,261.0,301.0,180.0,166.0,298.0,357.0,198.0,811.0,362.0,410.0,240.0,263.0,171.0,1720.0,266.0,578.0,452.0,788.0,527.0,509.0,305.0,479.0,403.0,583.0,169.0,468.0,194.0,553.0,463.0,269.0,302.0,287.0,262.0,235.0,312.0,325.0,271.0,735.0,260.0,692.0,322.0,940.0,195.0,305.0,425.0,235.0,263.0,502.0,534.0,280.0,311.0,503.0,1108.0,476.0,323.0,437.0,489.0,154.0,826.0,211.0,154.0,282.0,250.0,1150.0,360.0,585.0,912.0,287.0,399.0,429.0,174.0,172.0,908.0,221.0,715.0,287.0,244.0,517.0,387.0,169.0,645.0,719.0,234.0,151.0,220.0,219.0,192.0,507.0,488.0,336.0,678.0,249.0,172.0,408.0,894.0,710.0,195.0,222.0,684.0,321.0,1243.0,160.0,159.0,583.0,560.0,435.0,329.0,444.0,484.0,610.0,361.0,235.0,497.0,435.0,259.0,978.0,167.0,150.0,189.0,250.0,774.0,550.0,165.0,158.0,189.0,923.0,348.0,328.0,367.0,170.0,529.0,379.0,457.0,588.0,272.0,161.0,486.0,200.0,150.0,150.0,250.0,472.0,474.0,504.0,358.0,164.0,277.0,455.0,225.0,232.0,439.0,435.0,664.0,742.0,358.0,166.0,176.0,341.0,471.0,221.0,644.0,172.0,196.0,428.0,421.0,258.0,664.0,405.0,166.0,164.0,434.0,223.0,277.0,395.0,736.0,591.0,173.0,195.0,4718.0,159.0,333.0,1198.0,311.0,168.0,253.0,182.0,370.0,393.0,341.0,393.0,357.0,161.0,356.0,288.0,170.0,311.0,730.0,239.0,616.0,209.0,180.0,291.0,159.0,377.0,386.0,209.0,316.0,943.0,393.0,737.0,185.0,414.0,466.0,361.0,863.0,185.0,811.0,197.0,152.0,260.0,272.0,586.0,293.0,156.0,188.0,155.0,159.0,340.0,555.0,219.0,496.0,502.0,275.0,502.0,1096.0,269.0,168.0,562.0,452.0,393.0,644.0,337.0,292.0,190.0,166.0,213.0,953.0,312.0,460.0,223.0,286.0,203.0,273.0,158.0,194.0,504.0,356.0,194.0,259.0,231.0,531.0,237.0,256.0,314.0,428.0,316.0,153.0,549.0,330.0,182.0,254.0,506.0,178.0,499.0,339.0,167.0,278.0,300.0,158.0,256.0,580.0,404.0,421.0,544.0,1225.0,243.0,271.0,329.0,170.0,194.0,381.0,245.0,215.0,202.0,345.0,224.0,253.0,202.0,282.0,644.0,451.0,573.0,257.0,173.0,351.0,351.0,435.0,154.0,204.0,253.0,529.0,314.0,275.0,629.0,951.0,272.0,200.0,397.0,583.0,324.0,153.0,243.0,338.0,251.0,160.0,283.0,246.0,182.0,187.0,302.0,741.0,308.0,310.0,228.0,212.0,151.0,156.0,0.0,0.0,0.0,0.0,0.0,0.0,0.0,0.0,0.0,0.0,0.0,0.0,0.0,0.0,0.0,0.0,0.0,0.0,0.0,0.0,0.0,0.0,0.0,0.0,0.0
297.0,690.0,1290.0,233.0,244.0,160.0,661.0,326.0,377.0,262.0,935.0,214.0,721.0,282.0,469.0,311.0,566.0,402.0,181.0,1078.0,641.0,273.0,256.0,548.0,1672.0,469.0,168.0,461.0,590.0,707.0,214.0,1099.0,267.0,264.0,289.0,767.0,433.0,250.0,314.0,747.0,312.0,268.0,205.0,1242.0,472.0,152.0,170.0,499.0,422.0,260.0,324.0,786.0,663.0,437.0,606.0,989.0,349.0,589.0,251.0,458.0,157.0,1283.0,523.0,243.0,196.0,358.0,852.0,279.0,226.0,163.0,163.0,363.0,154.0,446.0,173.0,1007.0,393.0,472.0,326.0,650.0,1044.0,512.0,220.0,236.0,280.0,368.0,481.0,166.0,437.0,254.0,348.0,257.0,412.0,352.0,176.0,184.0,292.0,191.0,1424.0,251.0,543.0,236.0,812.0,248.0,233.0,589.0,428.0,950.0,385.0,892.0,246.0,246.0,389.0,189.0,353.0,791.0,441.0,215.0,356.0,623.0,213.0,268.0,182.0,1043.0,193.0,153.0,524.0,370.0,761.0,360.0,301.0,672.0,688.0,159.0,763.0,476.0,464.0,152.0,505.0,274.0,258.0,666.0,311.0,642.0,683.0,381.0,932.0,626.0,232.0,532.0,249.0,366.0,443.0,350.0,338.0,423.0,817.0,587.0,570.0,552.0,160.0,594.0,219.0,513.0,877.0,241.0,267.0,688.0,250.0,287.0,168.0,339.0,171.0,202.0,993.0,719.0,179.0,797.0,382.0,505.0,229.0,673.0,153.0,706.0,651.0,388.0,151.0,248.0,534.0,238.0,229.0,778.0,433.0,235.0,608.0,746.0,733.0,420.0,236.0,483.0,1286.0,605.0,428.0,583.0,459.0,607.0,397.0,364.0,362.0,404.0,244.0,489.0,382.0,281.0,215.0,784.0,576.0,171.0,236.0,735.0,185.0,362.0,332.0,453.0,181.0,503.0,310.0,527.0,241.0,594.0,153.0,347.0,472.0,199.0,242.0,311.0,288.0,497.0,471.0,362.0,153.0,236.0,214.0,549.0,899.0,634.0,395.0,584.0,404.0,174.0,231.0,578.0,439.0,418.0,215.0,182.0,184.0,211.0,571.0,177.0,300.0,198.0,413.0,607.0,636.0,498.0,428.0,214.0,378.0,193.0,256.0,4998.0,325.0,265.0,168.0,351.0,914.0,174.0,360.0,334.0,277.0,334.0,345.0,731.0,158.0,572.0,156.0,243.0,336.0,237.0,775.0,383.0,212.0,223.0,759.0,932.0,260.0,325.0,211.0,633.0,757.0,184.0,399.0,281.0,964.0,165.0,1519.0,211.0,331.0,521.0,357.0,256.0,182.0,440.0,239.0,162.0,540.0,440.0,154.0,384.0,1000.0,541.0,456.0,301.0,368.0,521.0,533.0,191.0,335.0,954.0,313.0,274.0,153.0,519.0,661.0,323.0,160.0,261.0,188.0,198.0,259.0,423.0,475.0,340.0,257.0,220.0,426.0,312.0,330.0,361.0,160.0,554.0,266.0,226.0,347.0,499.0,494.0,181.0,258.0,262.0,410.0,232.0,596.0,399.0,1267.0,150.0,670.0,267.0,648.0,388.0,165.0,176.0,494.0,445.0,220.0,232.0,257.0,354.0,163.0,232.0,629.0,704.0,267.0,628.0,375.0,255.0,370.0,460.0,962.0,526.0,984.0,924.0,380.0,317.0,467.0,205.0,236.0,155.0,206.0,537.0,303.0,197.0,320.0,334.0,369.0,294.0,239.0,0.0,0.0,0.0,0.0,0.0,0.0,0.0,0.0,0.0,0.0,0.0,0.0,0.0,0.0,0.0,0.0,0.0,0.0,0.0,0.0,0.0,0.0,0.0,0.0,0.0,0.0,0.0,0.0,0.0,0.0,0.0,0.0,0.0,0.0,0.0,0.0,0.0,0.0,0.0,0.0,0.0,0.0,0.0,0.0,0.0,0.0,0.0,0.0,0.0,0.0,0.0,0.0,0.0,0.0,0.0,0.0,0.0,0.0,0.0,0.0,0.0,0.0,0.0,0.0,0.0,0.0,0.0,0.0,0.0,0.0,0.0,0.0
595.0,798.0,197.0,630.0,341.0,264.0,788.0,214.0,638.0,289.0,591.0,673.0,161.0,306.0,488.0,695.0,563.0,240.0,157.0,467.0,481.0,407.0,1361.0,681.0,165.0,578.0,388.0,442.0,254.0,1060.0,257.0,225.0,761.0,335.0,329.0,731.0,550.0,310.0,179.0,282.0,1257.0,160.0,162.0,408.0,360.0,155.0,323.0,341.0,580.0,940.0,160.0,271.0,714.0,800.0,352.0,240.0,438.0,185.0,344.0,194.0,823.0,171.0,349.0,294.0,205.0,1039.0,703.0,660.0,450.0,335.0,213.0,192.0,822.0,608.0,532.0,759.0,336.0,248.0,160.0,405.0,255.0,316.0,346.0,187.0,197.0,247.0,1410.0,492.0,203.0,292.0,222.0,719.0,177.0,210.0,755.0,543.0,905.0,396.0,189.0,185.0,182.0,376.0,699.0,340.0,255.0,213.0,414.0,777.0,203.0,623.0,489.0,211.0,237.0,203.0,831.0,451.0,541.0,514.0,343.0,318.0,822.0,624.0,748.0,300.0,302.0,388.0,251.0,469.0,296.0,156.0,582.0,641.0,443.0,770.0,225.0,549.0,849.0,699.0,346.0,319.0,363.0,446.0,371.0,858.0,501.0,533.0,160.0,259.0,513.0,567.0,746.0,551.0,316.0,327.0,196.0,888.0,357.0,166.0,187.0,908.0,292.0,569.0,448.0,191.0,172.0,663.0,524.0,249.0,692.0,548.0,693.0,644.0,151.0,254.0,174.0,240.0,220.0,449.0,228.0,511.0,650.0,694.0,229.0,786.0,440.0,1346.0,466.0,422.0,582.0,894.0,471.0,427.0,348.0,363.0,309.0,369.0,256.0,862.0,1705.0,335.0,675.0,582.0,263.0,180.0,202.0,189.0,150.0,404.0,519.0,557.0,309.0,325.0,189.0,680.0,602.0,168.0,200.0,433.0,268.0,432.0,913.0,162.0,564.0,367.0,155.0,245.0,206.0,648.0,548.0,1365.0,171.0,239.0,348.0,606.0,450.0,178.0,381.0,180.0,406.0,199.0,631.0,4500.0,168.0,504.0,694.0,263.0,400.0,510.0,209.0,171.0,204.0,211.0,339.0,172.0,386.0,284.0,841.0,351.0,158.0,344.0,247.0,267.0,449.0,686.0,201.0,543.0,158.0,318.0,235.0,400.0,271.0,263.0,462.0,1012.0,323.0,1045.0,186.0,827.0,721.0,197.0,432.0,1009.0,434.0,194.0,1247.0,299.0,374.0,496.0,495.0,386.0,177.0,614.0,334.0,327.0,568.0,498.0,357.0,182.0,491.0,187.0,574.0,257.0,1054.0,427.0,308.0,572.0,160.0,551.0,160.0,472.0,152.0,325.0,251.0,387.0,194.0,671.0,349.0,263.0,195.0,1012.0,363.0,237.0,310.0,333.0,543.0,366.0,567.0,264.0,300.0,364.0,278.0,472.0,223.0,490.0,382.0,226.0,329.0,487.0,676.0,520.0,964.0,159.0,200.0,285.0,306.0,407.0,241.0,465.0,237.0,154.0,1226.0,626.0,259.0,314.0,517.0,285.0,414.0,159.0,573.0,567.0,278.0,434.0,568.0,663.0,388.0,249.0,155.0,513.0,262.0,164.0,598.0,686.0,151.0,176.0,195.0,291.0,298.0,349.0,390.0,304.0,211.0,0.0,0.0,0.0,0.0,0.0,0.0,0.0,0.0,0.0,0.0,0.0,0.0,0.0,0.0,0.0,0.0,0.0,0.0,0.0,0.0,0.0,0.0,0.0,0.0,0.0,0.0,0.0,0.0,0.0,0.0,0.0,0.0,0.0,0.0,0.0,0.0,0.0,0.0,0.0,0.0,0.0,0.0,0.0,0.0,0.0,0.0,0.0,0.0,0.0,0.0,0.0,0.0,0.0,0.0,0.0,0.0,0.0,0.0,0.0,0.0,0.0,0.0,0.0,0.0,0.0,0.0,0.0,0.0,0.0,0.0,0.0,0.0,0.0,0.0,0.0,0.0,0.0,0.0,0.0,0.0,0.0,0.0,0.0,0.0,0.0,0.0,0.0,0.0,0.0,0.0,0.0,0.0,0.0,0.0,0.0,0.0,0.0,0.0
626.0,1701.0,205.0,195.0,156.0,692.0,439.0,373.0,896.0,613.0,668.0,247.0,289.0,407.0,590.0,599.0,298.0,192.0,623.0,261.0,178.0,544.0,529.0,416.0,190.0,887.0,1585.0,1136.0,569.0,525.0,274.0,290.0,687.0,229.0,449.0,764.0,337.0,314.0,387.0,246.0,196.0,161.0,1366.0,170.0,281.0,423.0,339.0,167.0,646.0,796.0,383.0,333.0,1189.0,785.0,867.0,340.0,287.0,547.0,459.0,389.0,330.0,215.0,864.0,1104.0,498.0,531.0,344.0,353.0,862.0,669.0,239.0,946.0,291.0,440.0,649.0,503.0,642.0,369.0,348.0,258.0,213.0,1474.0,194.0,836.0,238.0,306.0,154.0,582.0,921.0,462.0,939.0,187.0,675.0,198.0,376.0,175.0,424.0,209.0,275.0,476.0,815.0,616.0,374.0,224.0,553.0,346.0,571.0,931.0,467.0,568.0,365.0,787.0,651.0,329.0,791.0,151.0,436.0,268.0,759.0,219.0,1931.0,661.0,320.0,680.0,1654.0,200.0,696.0,458.0,387.0,813.0,844.0,844.0,451.0,538.0,622.0,503.0,596.0,171.0,596.0,563.0,277.0,340.0,351.0,168.0,933.0,402.0,210.0,475.0,227.0,176.0,733.0,267.0,789.0,198.0,669.0,743.0,175.0,280.0,554.0,699.0,156.0,252.0,610.0,730.0,464.0,739.0,434.0,251.0,347.0,623.0,468.0,718.0,520.0,997.0,769.0,545.0,372.0,489.0,412.0,398.0,323.0,286.0,260.0,242.0,939.0,450.0,657.0,181.0,349.0,509.0,709.0,178.0,382.0,201.0,226.0,550.0,806.0,394.0,156.0,514.0,332.0,354.0,686.0,872.0,169.0,206.0,287.0,452.0,770.0,436.0,614.0,154.0,389.0,341.0,230.0,827.0,535.0,1100.0,396.0,150.0,421.0,647.0,421.0,161.0,1241.0,828.0,187.0,180.0,260.0,353.0,217.0,390.0,539.0,203.0,249.0,163.0,167.0,201.0,260.0,428.0,311.0,293.0,889.0,4318.0,410.0,401.0,381.0,325.0,274.0,477.0,664.0,484.0,326.0,1003.0,248.0,250.0,269.0,431.0,873.0,464.0,255.0,326.0,742.0,675.0,197.0,750.0,453.0,393.0,379.0,884.0,198.0,1455.0,509.0,393.0,770.0,416.0,458.0,368.0,507.0,343.0,175.0,553.0,639.0,422.0,185.0,482.0,294.0,924.0,513.0,290.0,154.0,494.0,288.0,151.0,446.0,283.0,250.0,173.0,361.0,177.0,282.0,443.0,255.0,683.0,371.0,1220.0,358.0,555.0,332.0,577.0,389.0,1378.0,294.0,570.0,254.0,153.0,153.0,385.0,670.0,379.0,188.0,360.0,297.0,162.0,543.0,227.0,166.0,564.0,282.0,235.0,434.0,364.0,266.0,300.0,475.0,629.0,688.0,438.0,1340.0,551.0,719.0,280.0,678.0,278.0,423.0,272.0,413.0,585.0,476.0,179.0,156.0,587.0,213.0,510.0,206.0,595.0,339.0,172.0,381.0,357.0,170.0,236.0,0.0,0.0,0.0,0.0,0.0,0.0,0.0,0.0,0.0,0.0,0.0,0.0,0.0,0.0,0.0,0.0,0.0,0.0,0.0,0.0,0.0,0.0,0.0,0.0,0.0,0.0,0.0,0.0,0.0,0.0,0.0,0.0,0.0,0.0,0.0,0.0,0.0,0.0,0.0,0.0,0.0,0.0,0.0,0.0,0.0,0.0,0.0,0.0,0.0,0.0,0.0,0.0,0.0,0.0,0.0,0.0,0.0,0.0,0.0,0.0,0.0,0.0,0.0,0.0,0.0,0.0,0.0,0.0,0.0,0.0,0.0,0.0,0.0,0.0,0.0,0.0,0.0,0.0,0.0,0.0,0.0,0.0,0.0,0.0,0.0,0.0,0.0,0.0,0.0,0.0,0.0,0.0,0.0,0.0,0.0,0.0,0.0,0.0,0.0,0.0,0.0,0.0,0.0,0.0,0.0,0.0,0.0,0.0,0.0,0.0,0.0,0.0,0.0,0.0,0.0,0.0,0.0
1527.0,154.0,258.0,159.0,707.0,483.0,250.0,851.0,606.0,679.0,275.0,700.0,190.0,223.0,318.0,545.0,226.0,366.0,194.0,598.0,1598.0,893.0,186.0,500.0,437.0,1116.0,205.0,881.0,160.0,600.0,1126.0,643.0,275.0,323.0,270.0,468.0,321.0,906.0,411.0,478.0,275.0,194.0,303.0,1478.0,185.0,165.0,193.0,523.0,1139.0,353.0,172.0,608.0,443.0,528.0,954.0,625.0,279.0,505.0,726.0,267.0,191.0,744.0,408.0,246.0,286.0,1833.0,476.0,255.0,360.0,859.0,670.0,521.0,316.0,637.0,540.0,933.0,449.0,351.0,536.0,404.0,257.0,171.0,687.0,1768.0,758.0,209.0,234.0,242.0,518.0,484.0,981.0,703.0,943.0,189.0,204.0,388.0,412.0,194.0,460.0,272.0,198.0,484.0,878.0,662.0,535.0,235.0,516.0,635.0,856.0,575.0,559.0,369.0,838.0,731.0,342.0,408.0,200.0,597.0,398.0,319.0,206.0,824.0,222.0,486.0,683.0,216.0,705.0,1270.0,918.0,273.0,498.0,476.0,673.0,851.0,642.0,537.0,334.0,523.0,200.0,787.0,167.0,568.0,600.0,768.0,822.0,343.0,532.0,167.0,972.0,473.0,798.0,289.0,852.0,185.0,725.0,270.0,693.0,816.0,577.0,590.0,187.0,266.0,245.0,662.0,226.0,606.0,435.0,415.0,849.0,341.0,854.0,502.0,678.0,494.0,750.0,763.0,579.0,537.0,368.0,406.0,403.0,525.0,335.0,212.0,678.0,272.0,327.0,911.0,321.0,473.0,188.0,158.0,905.0,203.0,169.0,351.0,558.0,300.0,371.0,173.0,501.0,635.0,404.0,625.0,633.0,187.0,214.0,193.0,274.0,795.0,795.0,636.0,424.0,338.0,214.0,248.0,807.0,588.0,589.0,1044.0,186.0,160.0,391.0,424.0,614.0,1211.0,401.0,170.0,199.0,567.0,388.0,195.0,224.0,423.0,257.0,264.0,247.0,249.0,685.0,178.0,381.0,294.0,359.0,298.0,632.0,214.0,4240.0,1774.0,383.0,459.0,377.0,330.0,807.0,815.0,218.0,654.0,276.0,259.0,444.0,613.0,299.0,581.0,160.0,204.0,864.0,442.0,950.0,375.0,785.0,221.0,320.0,1491.0,386.0,457.0,372.0,731.0,179.0,1142.0,431.0,335.0,348.0,428.0,203.0,492.0,497.0,314.0,729.0,565.0,197.0,322.0,497.0,856.0,492.0,163.0,236.0,183.0,427.0,411.0,292.0,223.0,946.0,390.0,382.0,356.0,399.0,321.0,360.0,748.0,583.0,1411.0,309.0,268.0,535.0,152.0,312.0,463.0,171.0,561.0,425.0,188.0,324.0,574.0,321.0,382.0,155.0,600.0,432.0,277.0,378.0,309.0,549.0,565.0,661.0,566.0,698.0,269.0,516.0,576.0,901.0,271.0,567.0,249.0,277.0,993.0,420.0,769.0,416.0,561.0,207.0,304.0,381.0,223.0,281.0,0.0,0.0,0.0,0.0,0.0,0.0,0.0,0.0,0.0,0.0,0.0,0.0,0.0,0.0,0.0,0.0,0.0,0.0,0.0,0.0,0.0,0.0,0.0,0.0,0.0,0.0,0.0,0.0,0.0,0.0,0.0,0.0,0.0,0.0,0.0,0.0,0.0,0.0,0.0,0.0,0.0,0.0,0.0,0.0,0.0,0.0,0.0,0.0,0.0,0.0,0.0,0.0,0.0,0.0,0.0,0.0,0.0,0.0,0.0,0.0,0.0,0.0,0.0,0.0,0.0,0.0,0.0,0.0,0.0,0.0,0.0,0.0,0.0,0.0,0.0,0.0,0.0,0.0,0.0,0.0,0.0,0.0,0.0,0.0,0.0,0.0,0.0,0.0,0.0,0.0,0.0,0.0,0.0,0.0,0.0,0.0,0.0,0.0,0.0,0.0,0.0,0.0,0.0,0.0,0.0,0.0,0.0,0.0,0.0,0.0,0.0,0.0,0.0,0.0,0.0,0.0,0.0,0.0,0.0,0.0,0.0,0.0,0.0,0.0,0.0,0.0
482.0,717.0,308.0,181.0,430.0,388.0,668.0,704.0,200.0,198.0,279.0,580.0,290.0,159.0,318.0,405.0,2248.0,627.0,581.0,777.0,439.0,437.0,1019.0,989.0,225.0,622.0,302.0,537.0,998.0,301.0,410.0,872.0,325.0,330.0,410.0,390.0,1446.0,208.0,154.0,477.0,186.0,1028.0,488.0,654.0,498.0,461.0,886.0,662.0,280.0,497.0,516.0,706.0,314.0,393.0,225.0,1101.0,444.0,606.0,204.0,337.0,803.0,719.0,595.0,656.0,975.0,286.0,1133.0,431.0,829.0,378.0,634.0,268.0,818.0,581.0,231.0,245.0,1075.0,1041.0,941.0,499.0,761.0,948.0,216.0,206.0,215.0,316.0,300.0,439.0,213.0,494.0,714.0,808.0,272.0,503.0,985.0,637.0,1578.0,472.0,600.0,728.0,688.0,828.0,463.0,197.0,655.0,924.0,225.0,523.0,303.0,703.0,198.0,1281.0,211.0,952.0,850.0,457.0,275.0,486.0,601.0,593.0,972.0,582.0,201.0,558.0,315.0,546.0,159.0,650.0,597.0,288.0,606.0,746.0,158.0,837.0,1021.0,465.0,934.0,226.0,195.0,777.0,298.0,254.0,410.0,214.0,655.0,940.0,651.0,260.0,150.0,167.0,264.0,272.0,669.0,370.0,1049.0,376.0,472.0,553.0,785.0,730.0,455.0,183.0,588.0,602.0,780.0,632.0,171.0,400.0,214.0,346.0,525.0,492.0,352.0,174.0,630.0,273.0,346.0,220.0,1833.0,576.0,152.0,487.0,941.0,204.0,184.0,154.0,193.0,194.0,579.0,370.0,361.0,432.0,718.0,382.0,1465.0,174.0,227.0,184.0,260.0,165.0,775.0,590.0,261.0,772.0,409.0,630.0,961.0,200.0,668.0,414.0,210.0,389.0,246.0,615.0,476.0,420.0,219.0,346.0,191.0,2321.0,403.0,1027.0,211.0,616.0,708.0,684.0,253.0,179.0,249.0,167.0,385.0,404.0,201.0,4570.0,631.0,265.0,514.0,393.0,355.0,655.0,247.0,756.0,653.0,251.0,681.0,414.0,483.0,835.0,160.0,218.0,439.0,528.0,915.0,708.0,505.0,188.0,367.0,433.0,1099.0,614.0,173.0,495.0,863.0,431.0,356.0,743.0,486.0,607.0,891.0,504.0,155.0,339.0,175.0,518.0,643.0,579.0,286.0,176.0,479.0,272.0,182.0,1076.0,296.0,522.0,362.0,866.0,427.0,341.0,363.0,853.0,592.0,480.0,296.0,1243.0,162.0,287.0,352.0,579.0,418.0,306.0,166.0,175.0,316.0,632.0,574.0,151.0,427.0,419.0,613.0,328.0,271.0,693.0,530.0,688.0,675.0,274.0,504.0,630.0,933.0,241.0,789.0,922.0,463.0,291.0,207.0,848.0,477.0,516.0,280.0,162.0,237.0,312.0,453.0,375.0,226.0,427.0,153.0,218.0,168.0,0.0,0.0,0.0,0.0,0.0,0.0,0.0,0.0,0.0,0.0,0.0,0.0,0.0,0.0,0.0,0.0,0.0,0.0,0.0,0.0,0.0,0.0,0.0,0.0,0.0,0.0,0.0,0.0,0.0,0.0,0.0,0.0,0.0,0.0,0.0,0.0,0.0,0.0,0.0,0.0,0.0,0.0,0.0,0.0,0.0,0.0,0.0,0.0,0.0,0.0,0.0,0.0,0.0,0.0,0.0,0.0,0.0,0.0,0.0,0.0,0.0,0.0,0.0,0.0,0.0,0.0,0.0,0.0,0.0,0.0,0.0,0.0,0.0,0.0,0.0,0.0,0.0,0.0,0.0,0.0,0.0,0.0,0.0,0.0,0.0,0.0,0.0,0.0,0.0,0.0,0.0,0.0,0.0,0.0,0.0,0.0,0.0,0.0,0.0,0.0,0.0,0.0,0.0,0.0,0.0,0.0,0.0,0.0,0.0,0.0,0.0,0.0,0.0,0.0,0.0,0.0,0.0,0.0,0.0,0.0,0.0,0.0,0.0,0.0,0.0,0.0,0.0,0.0,0.0,0.0,0.0,0.0,0.0,0.0,0.0,0.0,0.0,0.0,0.0,0.0
224.0,217.0,283.0,190.0,784.0,285.0,446.0,720.0,594.0,664.0,1728.0,757.0,308.0,212.0,584.0,324.0,308.0,639.0,451.0,605.0,449.0,689.0,499.0,662.0,790.0,316.0,331.0,1035.0,349.0,581.0,880.0,1638.0,1450.0,916.0,339.0,454.0,347.0,193.0,200.0,762.0,177.0,156.0,440.0,419.0,680.0,504.0,907.0,479.0,289.0,524.0,499.0,473.0,596.0,436.0,682.0,224.0,152.0,1162.0,328.0,494.0,627.0,726.0,764.0,243.0,335.0,663.0,1048.0,1023.0,1061.0,609.0,404.0,1051.0,263.0,1233.0,850.0,474.0,244.0,591.0,1118.0,993.0,211.0,967.0,200.0,448.0,203.0,419.0,546.0,310.0,226.0,621.0,779.0,502.0,835.0,260.0,640.0,1442.0,525.0,632.0,756.0,153.0,897.0,456.0,702.0,227.0,538.0,152.0,1359.0,343.0,536.0,709.0,1202.0,741.0,1053.0,220.0,648.0,249.0,279.0,472.0,1919.0,406.0,193.0,585.0,832.0,572.0,698.0,161.0,812.0,509.0,825.0,150.0,997.0,301.0,866.0,456.0,235.0,309.0,746.0,226.0,646.0,728.0,660.0,705.0,155.0,294.0,173.0,719.0,291.0,744.0,280.0,947.0,418.0,297.0,591.0,830.0,279.0,158.0,168.0,708.0,804.0,594.0,401.0,588.0,616.0,543.0,211.0,559.0,311.0,340.0,451.0,269.0,275.0,585.0,211.0,1718.0,569.0,758.0,249.0,179.0,190.0,407.0,599.0,538.0,1039.0,163.0,388.0,728.0,323.0,180.0,212.0,305.0,633.0,169.0,658.0,789.0,155.0,151.0,261.0,831.0,218.0,424.0,627.0,462.0,967.0,635.0,349.0,188.0,150.0,627.0,157.0,397.0,433.0,603.0,391.0,391.0,227.0,1445.0,201.0,988.0,308.0,710.0,230.0,163.0,256.0,598.0,458.0,167.0,408.0,4724.0,201.0,432.0,520.0,264.0,1035.0,423.0,711.0,243.0,1336.0,542.0,293.0,493.0,1084.0,924.0,907.0,197.0,713.0,872.0,216.0,409.0,464.0,402.0,1098.0,885.0,157.0,996.0,1002.0,441.0,365.0,427.0,458.0,489.0,183.0,312.0,554.0,159.0,518.0,635.0,511.0,508.0,306.0,525.0,1110.0,163.0,188.0,419.0,472.0,870.0,383.0,508.0,357.0,676.0,254.0,1235.0,938.0,155.0,294.0,1169.0,397.0,348.0,345.0,617.0,174.0,581.0,432.0,630.0,503.0,280.0,429.0,464.0,676.0,614.0,696.0,1399.0,797.0,305.0,613.0,979.0,745.0,303.0,465.0,167.0,234.0,293.0,824.0,732.0,158.0,232.0,406.0,223.0,274.0,202.0,0.0,0.0,0.0,0.0,0.0,0.0,0.0,0.0,0.0,0.0,0.0,0.0,0.0,0.0,0.0,0.0,0.0,0.0,0.0,0.0,0.0,0.0,0.0,0.0,0.0,0.0,0.0,0.0,0.0,0.0,0.0,0.0,0.0,0.0,0.0,0.0,0.0,0.0,0.0,0.0,0.0,0.0,0.0,0.0,0.0,0.0,0.0,0.0,0.0,0.0,0.0,0.0,0.0,0.0,0.0,0.0,0.0,0.0,0.0,0.0,0.0,0.0,0.0,0.0,0.0,0.0,0.0,0.0,0.0,0.0,0.0,0.0,0.0,0.0,0.0,0.0,0.0,0.0,0.0,0.0,0.0,0.0,0.0,0.0,0.0,0.0,0.0,0.0,0.0,0.0,0.0,0.0,0.0,0.0,0.0,0.0,0.0,0.0,0.0,0.0,0.0,0.0,0.0,0.0,0.0,0.0,0.0,0.0,0.0,0.0,0.0,0.0,0.0,0.0,0.0,0.0,0.0,0.0,0.0,0.0,0.0,0.0,0.0,0.0,0.0,0.0,0.0,0.0,0.0,0.0,0.0,0.0,0.0,0.0,0.0,0.0,0.0,0.0,0.0,0.0,0.0,0.0,0.0,0.0,0.0,0.0,0.0,0.0,0.0,0.0,0.0,0.0,0.0,0.0,0.0,0.0,0.0,0.0,0.0
1681.0,165.0,216.0,266.0,1263.0,726.0,282.0,578.0,609.0,727.0,359.0,673.0,293.0,214.0,253.0,445.0,946.0,770.0,157.0,403.0,667.0,1107.0,783.0,520.0,1062.0,261.0,387.0,381.0,849.0,439.0,327.0,290.0,759.0,1573.0,623.0,186.0,445.0,1110.0,422.0,658.0,1429.0,285.0,960.0,364.0,500.0,624.0,430.0,772.0,150.0,1264.0,246.0,1284.0,485.0,753.0,249.0,955.0,351.0,765.0,613.0,829.0,996.0,337.0,1161.0,368.0,301.0,845.0,226.0,813.0,493.0,267.0,1032.0,1014.0,634.0,495.0,205.0,855.0,286.0,407.0,616.0,356.0,302.0,475.0,622.0,285.0,789.0,523.0,656.0,762.0,544.0,1291.0,633.0,159.0,750.0,811.0,724.0,525.0,569.0,158.0,897.0,557.0,317.0,1587.0,691.0,178.0,228.0,1371.0,163.0,1028.0,209.0,483.0,1044.0,615.0,787.0,562.0,543.0,185.0,709.0,646.0,476.0,982.0,1646.0,951.0,304.0,728.0,817.0,223.0,303.0,641.0,1145.0,716.0,694.0,265.0,185.0,284.0,269.0,366.0,815.0,889.0,618.0,442.0,863.0,730.0,177.0,175.0,768.0,545.0,161.0,853.0,397.0,563.0,193.0,341.0,546.0,554.0,335.0,194.0,232.0,655.0,171.0,166.0,453.0,1547.0,635.0,167.0,780.0,155.0,201.0,240.0,785.0,512.0,513.0,258.0,916.0,718.0,347.0,711.0,151.0,205.0,314.0,172.0,664.0,318.0,184.0,186.0,230.0,433.0,782.0,1003.0,417.0,221.0,674.0,651.0,185.0,368.0,597.0,689.0,443.0,471.0,560.0,160.0,1150.0,381.0,375.0,479.0,248.0,257.0,993.0,261.0,155.0,171.0,560.0,4590.0,1982.0,416.0,201.0,465.0,253.0,454.0,465.0,665.0,247.0,900.0,491.0,1104.0,314.0,957.0,431.0,154.0,916.0,215.0,760.0,845.0,229.0,436.0,424.0,458.0,1167.0,451.0,1534.0,946.0,517.0,1058.0,963.0,525.0,329.0,548.0,576.0,375.0,186.0,628.0,410.0,519.0,1108.0,282.0,443.0,411.0,820.0,343.0,506.0,232.0,1059.0,285.0,1160.0,460.0,697.0,957.0,1123.0,170.0,285.0,362.0,193.0,571.0,713.0,446.0,297.0,292.0,510.0,451.0,680.0,676.0,687.0,716.0,1783.0,733.0,756.0,951.0,172.0,229.0,313.0,555.0,499.0,219.0,176.0,448.0,760.0,236.0,437.0,310.0,0.0,0.0,0.0,0.0,0.0,0.0,0.0,0.0,0.0,0.0,0.0,0.0,0.0,0.0,0.0,0.0,0.0,0.0,0.0,0.0,0.0,0.0,0.0,0.0,0.0,0.0,0.0,0.0,0.0,0.0,0.0,0.0,0.0,0.0,0.0,0.0,0.0,0.0,0.0,0.0,0.0,0.0,0.0,0.0,0.0,0.0,0.0,0.0,0.0,0.0,0.0,0.0,0.0,0.0,0.0,0.0,0.0,0.0,0.0,0.0,0.0,0.0,0.0,0.0,0.0,0.0,0.0,0.0,0.0,0.0,0.0,0.0,0.0,0.0,0.0,0.0,0.0,0.0,0.0,0.0,0.0,0.0,0.0,0.0,0.0,0.0,0.0,0.0,0.0,0.0,0.0,0.0,0.0,0.0,0.0,0.0,0.0,0.0,0.0,0.0,0.0,0.0,0.0,0.0,0.0,0.0,0.0,0.0,0.0,0.0,0.0,0.0,0.0,0.0,0.0,0.0,0.0,0.0,0.0,0.0,0.0,0.0,0.0,0.0,0.0,0.0,0.0,0.0,0.0,0.0,0.0,0.0,0.0,0.0,0.0,0.0,0.0,0.0,0.0,0.0,0.0,0.0,0.0,0.0,0.0,0.0,0.0,0.0,0.0,0.0,0.0,0.0,0.0,0.0,0.0,0.0,0.0,0.0,0.0,0.0,0.0,0.0,0.0,0.0,0.0,0.0,0.0,0.0,0.0,0.0,0.0,0.0,0.0,0.0,0.0,0.0,0.0,0.0,0.0,0.0,0.0
171.0,334.0,257.0,1158.0,681.0,377.0,693.0,570.0,738.0,309.0,662.0,222.0,1653.0,314.0,282.0,450.0,687.0,825.0,475.0,662.0,1142.0,791.0,593.0,390.0,281.0,316.0,385.0,856.0,441.0,998.0,351.0,335.0,841.0,605.0,1577.0,165.0,170.0,188.0,1174.0,467.0,390.0,744.0,318.0,1816.0,607.0,1666.0,370.0,528.0,641.0,698.0,1713.0,245.0,408.0,612.0,1096.0,368.0,758.0,247.0,663.0,1111.0,581.0,1168.0,376.0,857.0,1357.0,493.0,241.0,1367.0,168.0,637.0,1034.0,485.0,1039.0,205.0,292.0,479.0,820.0,671.0,313.0,671.0,539.0,296.0,762.0,723.0,1572.0,554.0,740.0,846.0,740.0,159.0,911.0,623.0,432.0,898.0,401.0,973.0,549.0,238.0,1565.0,806.0,1345.0,2400.0,256.0,327.0,492.0,714.0,594.0,538.0,763.0,159.0,665.0,721.0,1516.0,540.0,1435.0,242.0,896.0,808.0,307.0,618.0,821.0,205.0,751.0,935.0,274.0,187.0,398.0,265.0,397.0,809.0,660.0,422.0,152.0,805.0,184.0,181.0,752.0,1135.0,964.0,168.0,1034.0,297.0,189.0,556.0,512.0,316.0,731.0,186.0,162.0,284.0,521.0,220.0,1627.0,178.0,795.0,401.0,459.0,687.0,564.0,907.0,669.0,708.0,372.0,671.0,278.0,773.0,174.0,795.0,625.0,249.0,173.0,157.0,185.0,259.0,867.0,1057.0,630.0,386.0,493.0,678.0,181.0,478.0,366.0,686.0,466.0,460.0,395.0,542.0,734.0,290.0,4804.0,152.0,560.0,526.0,151.0,904.0,224.0,409.0,2052.0,192.0,421.0,495.0,263.0,420.0,235.0,696.0,1115.0,532.0,292.0,871.0,1035.0,453.0,930.0,173.0,204.0,859.0,805.0,236.0,509.0,448.0,1089.0,415.0,1451.0,563.0,425.0,709.0,955.0,248.0,939.0,339.0,499.0,968.0,347.0,540.0,634.0,215.0,393.0,472.0,1170.0,473.0,329.0,335.0,767.0,225.0,957.0,424.0,469.0,289.0,151.0,434.0,1089.0,680.0,1211.0,853.0,175.0,289.0,362.0,300.0,586.0,781.0,153.0,457.0,670.0,286.0,518.0,746.0,710.0,693.0,287.0,1405.0,674.0,718.0,714.0,1108.0,316.0,163.0,887.0,202.0,425.0,618.0,228.0,175.0,471.0,260.0,424.0,289.0,0.0,0.0,0.0,0.0,0.0,0.0,0.0,0.0,0.0,0.0,0.0,0.0,0.0,0.0,0.0,0.0,0.0,0.0,0.0,0.0,0.0,0.0,0.0,0.0,0.0,0.0,0.0,0.0,0.0,0.0,0.0,0.0,0.0,0.0,0.0,0.0,0.0,0.0,0.0,0.0,0.0,0.0,0.0,0.0,0.0,0.0,0.0,0.0,0.0,0.0,0.0,0.0,0.0,0.0,0.0,0.0,0.0,0.0,0.0,0.0,0.0,0.0,0.0,0.0,0.0,0.0,0.0,0.0,0.0,0.0,0.0,0.0,0.0,0.0,0.0,0.0,0.0,0.0,0.0,0.0,0.0,0.0,0.0,0.0,0.0,0.0,0.0,0.0,0.0,0.0,0.0,0.0,0.0,0.0,0.0,0.0,0.0,0.0,0.0,0.0,0.0,0.0,0.0,0.0,0.0,0.0,0.0,0.0,0.0,0.0,0.0,0.0,0.0,0.0,0.0,0.0,0.0,0.0,0.0,0.0,0.0,0.0,0.0,0.0,0.0,0.0,0.0,0.0,0.0,0.0,0.0,0.0,0.0,0.0,0.0,0.0,0.0,0.0,0.0,0.0,0.0,0.0,0.0,0.0,0.0,0.0,0.0,0.0,0.0,0.0,0.0,0.0,0.0,0.0,0.0,0.0,0.0,0.0,0.0,0.0,0.0,0.0,0.0,0.0,0.0,0.0,0.0,0.0,0.0,0.0,0.0,0.0,0.0,0.0,0.0,0.0,0.0,0.0,0.0,0.0,0.0,0.0,0.0,0.0,0.0,0.0,0.0,0.0,0.0,0.0,0.0,0.0,0.0
204.0,352.0,168.0,762.0,320.0,1516.0,1087.0,216.0,737.0,1275.0,294.0,670.0,208.0,1718.0,277.0,375.0,460.0,688.0,151.0,169.0,445.0,714.0,844.0,797.0,655.0,320.0,277.0,458.0,350.0,998.0,1077.0,329.0,928.0,1048.0,1703.0,598.0,163.0,189.0,491.0,1154.0,927.0,679.0,1777.0,982.0,355.0,588.0,552.0,985.0,196.0,243.0,736.0,1067.0,1319.0,372.0,1091.0,1254.0,251.0,686.0,588.0,436.0,607.0,921.0,1562.0,1383.0,193.0,530.0,208.0,1321.0,656.0,237.0,940.0,499.0,822.0,262.0,589.0,671.0,339.0,652.0,336.0,545.0,754.0,1300.0,520.0,771.0,665.0,182.0,781.0,834.0,984.0,585.0,523.0,745.0,321.0,581.0,241.0,1523.0,786.0,2197.0,1170.0,991.0,621.0,534.0,644.0,912.0,591.0,785.0,864.0,667.0,1240.0,1503.0,504.0,265.0,288.0,846.0,700.0,577.0,865.0,233.0,745.0,695.0,196.0,353.0,288.0,806.0,806.0,501.0,798.0,930.0,153.0,173.0,187.0,1050.0,690.0,925.0,198.0,659.0,530.0,341.0,893.0,181.0,325.0,209.0,202.0,260.0,718.0,207.0,566.0,835.0,1734.0,982.0,338.0,154.0,699.0,558.0,349.0,613.0,878.0,553.0,728.0,202.0,308.0,779.0,156.0,651.0,174.0,169.0,179.0,610.0,257.0,1041.0,1023.0,533.0,385.0,630.0,357.0,675.0,441.0,379.0,509.0,1162.0,361.0,582.0,4588.0,232.0,482.0,534.0,183.0,921.0,445.0,1107.0,192.0,469.0,266.0,481.0,500.0,244.0,1144.0,515.0,294.0,1021.0,630.0,904.0,1191.0,166.0,184.0,918.0,157.0,566.0,166.0,970.0,860.0,447.0,231.0,410.0,1165.0,1407.0,332.0,1559.0,947.0,686.0,403.0,511.0,364.0,361.0,553.0,992.0,172.0,424.0,187.0,376.0,1073.0,565.0,457.0,395.0,936.0,734.0,239.0,368.0,485.0,933.0,273.0,1321.0,671.0,1045.0,295.0,1273.0,183.0,276.0,551.0,781.0,448.0,699.0,272.0,553.0,816.0,776.0,819.0,847.0,638.0,1560.0,783.0,431.0,1039.0,158.0,864.0,581.0,235.0,320.0,243.0,516.0,238.0,399.0,158.0,295.0,0.0,0.0,0.0,0.0,0.0,0.0,0.0,0.0,0.0,0.0,0.0,0.0,0.0,0.0,0.0,0.0,0.0,0.0,0.0,0.0,0.0,0.0,0.0,0.0,0.0,0.0,0.0,0.0,0.0,0.0,0.0,0.0,0.0,0.0,0.0,0.0,0.0,0.0,0.0,0.0,0.0,0.0,0.0,0.0,0.0,0.0,0.0,0.0,0.0,0.0,0.0,0.0,0.0,0.0,0.0,0.0,0.0,0.0,0.0,0.0,0.0,0.0,0.0,0.0,0.0,0.0,0.0,0.0,0.0,0.0,0.0,0.0,0.0,0.0,0.0,0.0,0.0,0.0,0.0,0.0,0.0,0.0,0.0,0.0,0.0,0.0,0.0,0.0,0.0,0.0,0.0,0.0,0.0,0.0,0.0,0.0,0.0,0.0,0.0,0.0,0.0,0.0,0.0,0.0,0.0,0.0,0.0,0.0,0.0,0.0,0.0,0.0,0.0,0.0,0.0,0.0,0.0,0.0,0.0,0.0,0.0,0.0,0.0,0.0,0.0,0.0,0.0,0.0,0.0,0.0,0.0,0.0,0.0,0.0,0.0,0.0,0.0,0.0,0.0,0.0,0.0,0.0,0.0,0.0,0.0,0.0,0.0,0.0,0.0,0.0,0.0,0.0,0.0,0.0,0.0,0.0,0.0,0.0,0.0,0.0,0.0,0.0,0.0,0.0,0.0,0.0,0.0,0.0,0.0,0.0,0.0,0.0,0.0,0.0,0.0,0.0,0.0,0.0,0.0,0.0,0.0,0.0,0.0,0.0,0.0,0.0,0.0,0.0,0.0,0.0,0.0,0.0,0.0,0.0,0.0,0.0,0.0,0.0,0.0,0.0,0.0,0.0,0.0,0.0,0.0
367.0,1137.0,736.0,163.0,655.0,942.0,796.0,317.0,244.0,381.0,635.0,249.0,1644.0,1142.0,503.0,156.0,984.0,657.0,524.0,925.0,380.0,840.0,681.0,269.0,1166.0,392.0,1068.0,341.0,923.0,1083.0,1734.0,641.0,587.0,173.0,214.0,1193.0,700.0,874.0,1229.0,1015.0,358.0,2248.0,546.0,206.0,768.0,252.0,1379.0,901.0,429.0,558.0,1039.0,453.0,248.0,1157.0,673.0,739.0,764.0,1054.0,166.0,832.0,519.0,1334.0,670.0,300.0,236.0,1398.0,1081.0,491.0,184.0,722.0,273.0,483.0,656.0,337.0,728.0,859.0,302.0,1073.0,704.0,150.0,433.0,1347.0,178.0,744.0,863.0,957.0,544.0,1283.0,726.0,591.0,351.0,261.0,781.0,1639.0,2136.0,1256.0,398.0,1004.0,615.0,962.0,837.0,678.0,931.0,712.0,1518.0,621.0,1375.0,327.0,786.0,726.0,469.0,1129.0,787.0,924.0,217.0,453.0,295.0,1027.0,878.0,471.0,355.0,850.0,160.0,186.0,1908.0,191.0,200.0,986.0,717.0,172.0,546.0,353.0,308.0,346.0,606.0,298.0,971.0,559.0,682.0,166.0,1742.0,184.0,875.0,172.0,338.0,735.0,587.0,357.0,620.0,638.0,961.0,799.0,874.0,776.0,187.0,689.0,283.0,354.0,282.0,1188.0,163.0,185.0,559.0,1161.0,1124.0,774.0,699.0,641.0,338.0,370.0,509.0,151.0,440.0,422.0,276.0,4874.0,641.0,565.0,1057.0,180.0,155.0,1180.0,456.0,194.0,532.0,495.0,294.0,186.0,478.0,247.0,682.0,1154.0,982.0,745.0,995.0,1120.0,300.0,182.0,175.0,159.0,534.0,1269.0,1858.0,926.0,499.0,257.0,432.0,1272.0,1365.0,1578.0,170.0,661.0,153.0,516.0,274.0,899.0,428.0,342.0,313.0,566.0,579.0,444.0,513.0,189.0,1090.0,782.0,418.0,947.0,239.0,599.0,390.0,941.0,280.0,1284.0,1144.0,319.0,203.0,962.0,760.0,388.0,657.0,251.0,767.0,456.0,730.0,340.0,607.0,783.0,664.0,849.0,873.0,1234.0,636.0,759.0,471.0,153.0,980.0,892.0,888.0,225.0,287.0,347.0,571.0,166.0,244.0,422.0,437.0,154.0,195.0,0.0,0.0,0.0,0.0,0.0,0.0,0.0,0.0,0.0,0.0,0.0,0.0,0.0,0.0,0.0,0.0,0.0,0.0,0.0,0.0,0.0,0.0,0.0,0.0,0.0,0.0,0.0,0.0,0.0,0.0,0.0,0.0,0.0,0.0,0.0,0.0,0.0,0.0,0.0,0.0,0.0,0.0,0.0,0.0,0.0,0.0,0.0,0.0,0.0,0.0,0.0,0.0,0.0,0.0,0.0,0.0,0.0,0.0,0.0,0.0,0.0,0.0,0.0,0.0,0.0,0.0,0.0,0.0,0.0,0.0,0.0,0.0,0.0,0.0,0.0,0.0,0.0,0.0,0.0,0.0,0.0,0.0,0.0,0.0,0.0,0.0,0.0,0.0,0.0,0.0,0.0,0.0,0.0,0.0,0.0,0.0,0.0,0.0,0.0,0.0,0.0,0.0,0.0,0.0,0.0,0.0,0.0,0.0,0.0,0.0,0.0,0.0,0.0,0.0,0.0,0.0,0.0,0.0,0.0,0.0,0.0,0.0,0.0,0.0,0.0,0.0,0.0,0.0,0.0,0.0,0.0,0.0,0.0,0.0,0.0,0.0,0.0,0.0,0.0,0.0,0.0,0.0,0.0,0.0,0.0,0.0,0.0,0.0,0.0,0.0,0.0,0.0,0.0,0.0,0.0,0.0,0.0,0.0,0.0,0.0,0.0,0.0,0.0,0.0,0.0,0.0,0.0,0.0,0.0,0.0,0.0,0.0,0.0,0.0,0.0,0.0,0.0,0.0,0.0,0.0,0.0,0.0,0.0,0.0,0.0,0.0,0.0,0.0,0.0,0.0,0.0,0.0,0.0,0.0,0.0,0.0,0.0,0.0,0.0,0.0,0.0,0.0,0.0,0.0,0.0,0.0,0.0,0.0,0.0,0.0
204.0,280.0,184.0,720.0,375.0,923.0,274.0,287.0,744.0,890.0,1822.0,345.0,213.0,1468.0,442.0,1249.0,1712.0,683.0,1390.0,527.0,380.0,230.0,897.0,318.0,1073.0,1180.0,1070.0,1704.0,710.0,220.0,1219.0,881.0,668.0,1008.0,302.0,1286.0,498.0,156.0,995.0,246.0,804.0,193.0,1439.0,888.0,403.0,882.0,1065.0,556.0,449.0,248.0,945.0,1036.0,642.0,980.0,639.0,905.0,236.0,1326.0,619.0,501.0,1305.0,1050.0,163.0,245.0,509.0,659.0,449.0,253.0,571.0,340.0,153.0,670.0,300.0,1202.0,986.0,1396.0,700.0,173.0,745.0,1022.0,912.0,471.0,1309.0,853.0,803.0,239.0,1703.0,343.0,1246.0,999.0,520.0,642.0,542.0,1969.0,608.0,886.0,816.0,1634.0,1681.0,1391.0,593.0,886.0,278.0,639.0,241.0,715.0,1005.0,1698.0,210.0,266.0,494.0,688.0,773.0,341.0,881.0,164.0,185.0,202.0,1150.0,678.0,1060.0,341.0,155.0,553.0,324.0,659.0,309.0,709.0,187.0,932.0,377.0,156.0,551.0,1502.0,895.0,749.0,154.0,708.0,571.0,323.0,612.0,935.0,881.0,286.0,808.0,175.0,657.0,744.0,482.0,153.0,1059.0,552.0,291.0,1141.0,993.0,731.0,721.0,205.0,357.0,695.0,403.0,365.0,487.0,443.0,297.0,2464.0,660.0,548.0,1109.0,243.0,963.0,615.0,214.0,191.0,562.0,536.0,262.0,472.0,695.0,248.0,1072.0,961.0,617.0,941.0,1259.0,324.0,1202.0,166.0,164.0,499.0,2208.0,1271.0,896.0,492.0,264.0,422.0,1320.0,464.0,504.0,268.0,229.0,661.0,367.0,357.0,593.0,952.0,563.0,1153.0,511.0,245.0,2351.0,704.0,1177.0,427.0,915.0,573.0,248.0,323.0,971.0,271.0,1276.0,326.0,1323.0,859.0,896.0,769.0,367.0,222.0,692.0,161.0,730.0,453.0,1128.0,828.0,1083.0,606.0,788.0,168.0,874.0,172.0,1557.0,652.0,1113.0,248.0,211.0,540.0,162.0,604.0,883.0,269.0,436.0,390.0,197.0,0.0,0.0,0.0,0.0,0.0,0.0,0.0,0.0,0.0,0.0,0.0,0.0,0.0,0.0,0.0,0.0,0.0,0.0,0.0,0.0,0.0,0.0,0.0,0.0,0.0,0.0,0.0,0.0,0.0,0.0,0.0,0.0,0.0,0.0,0.0,0.0,0.0,0.0,0.0,0.0,0.0,0.0,0.0,0.0,0.0,0.0,0.0,0.0,0.0,0.0,0.0,0.0,0.0,0.0,0.0,0.0,0.0,0.0,0.0,0.0,0.0,0.0,0.0,0.0,0.0,0.0,0.0,0.0,0.0,0.0,0.0,0.0,0.0,0.0,0.0,0.0,0.0,0.0,0.0,0.0,0.0,0.0,0.0,0.0,0.0,0.0,0.0,0.0,0.0,0.0,0.0,0.0,0.0,0.0,0.0,0.0,0.0,0.0,0.0,0.0,0.0,0.0,0.0,0.0,0.0,0.0,0.0,0.0,0.0,0.0,0.0,0.0,0.0,0.0,0.0,0.0,0.0,0.0,0.0,0.0,0.0,0.0,0.0,0.0,0.0,0.0,0.0,0.0,0.0,0.0,0.0,0.0,0.0,0.0,0.0,0.0,0.0,0.0,0.0,0.0,0.0,0.0,0.0,0.0,0.0,0.0,0.0,0.0,0.0,0.0,0.0,0.0,0.0,0.0,0.0,0.0,0.0,0.0,0.0,0.0,0.0,0.0,0.0,0.0,0.0,0.0,0.0,0.0,0.0,0.0,0.0,0.0,0.0,0.0,0.0,0.0,0.0,0.0,0.0,0.0,0.0,0.0,0.0,0.0,0.0,0.0,0.0,0.0,0.0,0.0,0.0,0.0,0.0,0.0,0.0,0.0,0.0,0.0,0.0,0.0,0.0,0.0,0.0,0.0,0.0,0.0,0.0,0.0,0.0,0.0,0.0,0.0,0.0,0.0,0.0,0.0,0.0,0.0,0.0,0.0,0.0,0.0,0.0,0.0,0.0,0.0
422.0,280.0,174.0,808.0,457.0,1082.0,854.0,330.0,1005.0,393.0,1931.0,1700.0,271.0,523.0,1116.0,178.0,724.0,1323.0,593.0,599.0,814.0,378.0,918.0,304.0,1059.0,352.0,971.0,1531.0,236.0,1138.0,1805.0,679.0,1075.0,200.0,950.0,810.0,1067.0,362.0,2172.0,1103.0,179.0,229.0,907.0,286.0,1469.0,151.0,984.0,982.0,396.0,565.0,299.0,586.0,1105.0,1385.0,673.0,1071.0,609.0,243.0,1876.0,1371.0,1031.0,677.0,1011.0,256.0,473.0,773.0,280.0,524.0,620.0,363.0,834.0,669.0,293.0,1010.0,153.0,710.0,472.0,1373.0,1885.0,187.0,1462.0,156.0,570.0,939.0,1320.0,965.0,385.0,1670.0,803.0,607.0,225.0,1288.0,590.0,827.0,819.0,640.0,1580.0,869.0,1641.0,1833.0,650.0,303.0,1341.0,669.0,1093.0,1058.0,750.0,270.0,358.0,235.0,1684.0,427.0,902.0,1383.0,345.0,208.0,189.0,885.0,825.0,175.0,194.0,980.0,580.0,164.0,343.0,320.0,781.0,289.0,843.0,203.0,899.0,1521.0,167.0,899.0,218.0,339.0,1606.0,780.0,713.0,596.0,312.0,150.0,648.0,881.0,303.0,979.0,202.0,712.0,162.0,1611.0,1053.0,301.0,597.0,1108.0,701.0,235.0,707.0,383.0,710.0,388.0,169.0,557.0,1339.0,446.0,3492.0,285.0,645.0,623.0,182.0,185.0,2189.0,221.0,614.0,512.0,471.0,566.0,750.0,265.0,226.0,665.0,825.0,328.0,1135.0,560.0,185.0,190.0,1102.0,830.0,308.0,182.0,935.0,476.0,449.0,1827.0,1425.0,162.0,564.0,181.0,511.0,1163.0,582.0,1479.0,362.0,573.0,539.0,354.0,937.0,468.0,244.0,1004.0,1252.0,232.0,618.0,447.0,492.0,265.0,990.0,1788.0,1453.0,1243.0,925.0,324.0,227.0,941.0,752.0,812.0,250.0,406.0,774.0,480.0,560.0,803.0,1072.0,1146.0,202.0,859.0,766.0,1217.0,158.0,841.0,325.0,1054.0,151.0,836.0,276.0,176.0,517.0,829.0,266.0,457.0,195.0,284.0,167.0,0.0,0.0,0.0,0.0,0.0,0.0,0.0,0.0,0.0,0.0,0.0,0.0,0.0,0.0,0.0,0.0,0.0,0.0,0.0,0.0,0.0,0.0,0.0,0.0,0.0,0.0,0.0,0.0,0.0,0.0,0.0,0.0,0.0,0.0,0.0,0.0,0.0,0.0,0.0,0.0,0.0,0.0,0.0,0.0,0.0,0.0,0.0,0.0,0.0,0.0,0.0,0.0,0.0,0.0,0.0,0.0,0.0,0.0,0.0,0.0,0.0,0.0,0.0,0.0,0.0,0.0,0.0,0.0,0.0,0.0,0.0,0.0,0.0,0.0,0.0,0.0,0.0,0.0,0.0,0.0,0.0,0.0,0.0,0.0,0.0,0.0,0.0,0.0,0.0,0.0,0.0,0.0,0.0,0.0,0.0,0.0,0.0,0.0,0.0,0.0,0.0,0.0,0.0,0.0,0.0,0.0,0.0,0.0,0.0,0.0,0.0,0.0,0.0,0.0,0.0,0.0,0.0,0.0,0.0,0.0,0.0,0.0,0.0,0.0,0.0,0.0,0.0,0.0,0.0,0.0,0.0,0.0,0.0,0.0,0.0,0.0,0.0,0.0,0.0,0.0,0.0,0.0,0.0,0.0,0.0,0.0,0.0,0.0,0.0,0.0,0.0,0.0,0.0,0.0,0.0,0.0,0.0,0.0,0.0,0.0,0.0,0.0,0.0,0.0,0.0,0.0,0.0,0.0,0.0,0.0,0.0,0.0,0.0,0.0,0.0,0.0,0.0,0.0,0.0,0.0,0.0,0.0,0.0,0.0,0.0,0.0,0.0,0.0,0.0,0.0,0.0,0.0,0.0,0.0,0.0,0.0,0.0,0.0,0.0,0.0,0.0,0.0,0.0,0.0,0.0,0.0,0.0,0.0,0.0,0.0,0.0,0.0,0.0,0.0,0.0,0.0,0.0,0.0,0.0,0.0,0.0,0.0,0.0,0.0,0.0,0.0
275.0,299.0,274.0,214.0,762.0,325.0,1867.0,420.0,785.0,329.0,2762.0,188.0,1682.0,231.0,435.0,992.0,1705.0,170.0,564.0,1394.0,562.0,695.0,1030.0,385.0,285.0,1057.0,1379.0,336.0,824.0,1098.0,1739.0,173.0,230.0,257.0,1013.0,173.0,693.0,2029.0,378.0,2140.0,974.0,1556.0,198.0,217.0,906.0,254.0,1448.0,347.0,490.0,1186.0,289.0,1075.0,943.0,752.0,830.0,250.0,914.0,1852.0,1399.0,717.0,998.0,290.0,518.0,785.0,244.0,721.0,561.0,346.0,2244.0,696.0,302.0,984.0,1518.0,718.0,182.0,1638.0,999.0,1479.0,158.0,534.0,1184.0,370.0,577.0,743.0,1529.0,205.0,1319.0,646.0,830.0,591.0,816.0,768.0,1410.0,1742.0,1895.0,1333.0,657.0,322.0,666.0,691.0,1040.0,956.0,273.0,204.0,337.0,544.0,408.0,588.0,1291.0,822.0,190.0,185.0,186.0,889.0,844.0,183.0,1209.0,1074.0,164.0,600.0,351.0,318.0,286.0,203.0,565.0,729.0,898.0,1467.0,350.0,158.0,976.0,1635.0,184.0,778.0,325.0,666.0,629.0,656.0,380.0,916.0,930.0,710.0,275.0,188.0,191.0,1494.0,293.0,1158.0,1136.0,571.0,926.0,761.0,717.0,255.0,425.0,371.0,172.0,567.0,1368.0,5397.0,465.0,301.0,164.0,576.0,231.0,644.0,200.0,1745.0,615.0,553.0,511.0,477.0,334.0,977.0,813.0,1137.0,654.0,287.0,205.0,352.0,542.0,160.0,1502.0,202.0,158.0,1041.0,966.0,289.0,468.0,1741.0,483.0,1146.0,603.0,313.0,1067.0,270.0,1309.0,742.0,402.0,590.0,168.0,376.0,975.0,685.0,400.0,537.0,250.0,896.0,730.0,390.0,1898.0,535.0,982.0,330.0,2298.0,923.0,204.0,886.0,804.0,771.0,255.0,451.0,489.0,1151.0,1074.0,942.0,720.0,986.0,929.0,164.0,1687.0,864.0,165.0,1169.0,180.0,154.0,799.0,265.0,939.0,189.0,535.0,153.0,487.0,253.0,548.0,177.0,173.0,0.0,0.0,0.0,0.0,0.0,0.0,0.0,0.0,0.0,0.0,0.0,0.0,0.0,0.0,0.0,0.0,0.0,0.0,0.0,0.0,0.0,0.0,0.0,0.0,0.0,0.0,0.0,0.0,0.0,0.0,0.0,0.0,0.0,0.0,0.0,0.0,0.0,0.0,0.0,0.0,0.0,0.0,0.0,0.0,0.0,0.0,0.0,0.0,0.0,0.0,0.0,0.0,0.0,0.0,0.0,0.0,0.0,0.0,0.0,0.0,0.0,0.0,0.0,0.0,0.0,0.0,0.0,0.0,0.0,0.0,0.0,0.0,0.0,0.0,0.0,0.0,0.0,0.0,0.0,0.0,0.0,0.0,0.0,0.0,0.0,0.0,0.0,0.0,0.0,0.0,0.0,0.0,0.0,0.0,0.0,0.0,0.0,0.0,0.0,0.0,0.0,0.0,0.0,0.0,0.0,0.0,0.0,0.0,0.0,0.0,0.0,0.0,0.0,0.0,0.0,0.0,0.0,0.0,0.0,0.0,0.0,0.0,0.0,0.0,0.0,0.0,0.0,0.0,0.0,0.0,0.0,0.0,0.0,0.0,0.0,0.0,0.0,0.0,0.0,0.0,0.0,0.0,0.0,0.0,0.0,0.0,0.0,0.0,0.0,0.0,0.0,0.0,0.0,0.0,0.0,0.0,0.0,0.0,0.0,0.0,0.0,0.0,0.0,0.0,0.0,0.0,0.0,0.0,0.0,0.0,0.0,0.0,0.0,0.0,0.0,0.0,0.0,0.0,0.0,0.0,0.0,0.0,0.0,0.0,0.0,0.0,0.0,0.0,0.0,0.0,0.0,0.0,0.0,0.0,0.0,0.0,0.0,0.0,0.0,0.0,0.0,0.0,0.0,0.0,0.0,0.0,0.0,0.0,0.0,0.0,0.0,0.0,0.0,0.0,0.0,0.0,0.0,0.0,0.0,0.0,0.0,0.0,0.0,0.0,0.0,0.0,0.0,0.0,0.0,0.0,0.0,0.0
252.0,307.0,289.0,280.0,443.0,991.0,769.0,788.0,394.0,308.0,217.0,1661.0,2654.0,445.0,1087.0,188.0,1474.0,561.0,1332.0,1416.0,729.0,398.0,579.0,243.0,1153.0,995.0,333.0,1091.0,842.0,237.0,171.0,1644.0,971.0,262.0,731.0,404.0,1102.0,1869.0,1955.0,211.0,196.0,1339.0,838.0,274.0,1431.0,379.0,575.0,203.0,2026.0,1082.0,724.0,1087.0,153.0,339.0,158.0,258.0,876.0,634.0,1414.0,1294.0,1618.0,154.0,689.0,273.0,262.0,630.0,384.0,1385.0,1041.0,769.0,324.0,985.0,747.0,151.0,830.0,175.0,175.0,1385.0,1001.0,150.0,488.0,1243.0,960.0,951.0,1457.0,771.0,226.0,239.0,830.0,1318.0,599.0,1050.0,376.0,802.0,880.0,620.0,1797.0,1608.0,2655.0,1272.0,674.0,643.0,1090.0,621.0,299.0,1019.0,219.0,470.0,1267.0,289.0,394.0,552.0,1002.0,255.0,187.0,1242.0,207.0,184.0,816.0,1001.0,1605.0,163.0,585.0,385.0,316.0,726.0,612.0,990.0,1488.0,163.0,1650.0,370.0,195.0,1994.0,1529.0,1038.0,592.0,614.0,162.0,751.0,983.0,326.0,318.0,1411.0,209.0,177.0,1055.0,611.0,380.0,271.0,378.0,660.0,676.0,720.0,171.0,854.0,514.0,771.0,1269.0,6411.0,595.0,600.0,154.0,594.0,192.0,584.0,541.0,1857.0,1030.0,150.0,500.0,472.0,353.0,566.0,826.0,1185.0,1702.0,677.0,355.0,172.0,209.0,1239.0,152.0,1075.0,480.0,292.0,466.0,1626.0,231.0,1180.0,428.0,913.0,172.0,256.0,1225.0,1266.0,1193.0,402.0,411.0,983.0,178.0,166.0,221.0,443.0,152.0,1430.0,242.0,679.0,370.0,1788.0,472.0,1399.0,958.0,281.0,2235.0,207.0,785.0,982.0,689.0,1379.0,501.0,614.0,1035.0,1207.0,874.0,1006.0,174.0,1147.0,172.0,477.0,1266.0,154.0,725.0,300.0,226.0,563.0,863.0,530.0,274.0,158.0,292.0,0.0,0.0,0.0,0.0,0.0,0.0,0.0,0.0,0.0,0.0,0.0,0.0,0.0,0.0,0.0,0.0,0.0,0.0,0.0,0.0,0.0,0.0,0.0,0.0,0.0,0.0,0.0,0.0,0.0,0.0,0.0,0.0,0.0,0.0,0.0,0.0,0.0,0.0,0.0,0.0,0.0,0.0,0.0,0.0,0.0,0.0,0.0,0.0,0.0,0.0,0.0,0.0,0.0,0.0,0.0,0.0,0.0,0.0,0.0,0.0,0.0,0.0,0.0,0.0,0.0,0.0,0.0,0.0,0.0,0.0,0.0,0.0,0.0,0.0,0.0,0.0,0.0,0.0,0.0,0.0,0.0,0.0,0.0,0.0,0.0,0.0,0.0,0.0,0.0,0.0,0.0,0.0,0.0,0.0,0.0,0.0,0.0,0.0,0.0,0.0,0.0,0.0,0.0,0.0,0.0,0.0,0.0,0.0,0.0,0.0,0.0,0.0,0.0,0.0,0.0,0.0,0.0,0.0,0.0,0.0,0.0,0.0,0.0,0.0,0.0,0.0,0.0,0.0,0.0,0.0,0.0,0.0,0.0,0.0,0.0,0.0,0.0,0.0,0.0,0.0,0.0,0.0,0.0,0.0,0.0,0.0,0.0,0.0,0.0,0.0,0.0,0.0,0.0,0.0,0.0,0.0,0.0,0.0,0.0,0.0,0.0,0.0,0.0,0.0,0.0,0.0,0.0,0.0,0.0,0.0,0.0,0.0,0.0,0.0,0.0,0.0,0.0,0.0,0.0,0.0,0.0,0.0,0.0,0.0,0.0,0.0,0.0,0.0,0.0,0.0,0.0,0.0,0.0,0.0,0.0,0.0,0.0,0.0,0.0,0.0,0.0,0.0,0.0,0.0,0.0,0.0,0.0,0.0,0.0,0.0,0.0,0.0,0.0,0.0,0.0,0.0,0.0,0.0,0.0,0.0,0.0,0.0,0.0,0.0,0.0,0.0,0.0,0.0,0.0,0.0,0.0,0.0,0.0,0.0,0.0,0.0,0.0,0.0
324.0,386.0,1436.0,1017.0,442.0,1734.0,1270.0,279.0,855.0,837.0,352.0,336.0,1149.0,179.0,618.0,1370.0,1540.0,1463.0,412.0,676.0,1292.0,280.0,568.0,335.0,1095.0,1023.0,1277.0,742.0,223.0,166.0,1790.0,1024.0,689.0,1109.0,366.0,1984.0,1376.0,1845.0,207.0,842.0,224.0,322.0,1418.0,2086.0,1304.0,418.0,308.0,813.0,509.0,924.0,152.0,154.0,283.0,905.0,632.0,1524.0,1377.0,689.0,1715.0,162.0,292.0,159.0,747.0,273.0,1324.0,1076.0,337.0,727.0,1232.0,159.0,755.0,1640.0,201.0,1568.0,533.0,968.0,1223.0,1030.0,1876.0,858.0,294.0,585.0,1266.0,914.0,1419.0,216.0,564.0,667.0,765.0,1580.0,2871.0,1732.0,1015.0,1341.0,685.0,713.0,293.0,698.0,262.0,1063.0,1259.0,326.0,331.0,557.0,378.0,198.0,1020.0,882.0,292.0,748.0,634.0,311.0,992.0,1219.0,574.0,200.0,153.0,355.0,507.0,747.0,920.0,220.0,1458.0,493.0,223.0,1382.0,962.0,648.0,665.0,415.0,1067.0,1829.0,329.0,1403.0,1237.0,199.0,276.0,579.0,1395.0,189.0,316.0,753.0,1142.0,254.0,705.0,625.0,413.0,206.0,457.0,678.0,1328.0,5823.0,547.0,663.0,655.0,341.0,287.0,523.0,1584.0,441.0,546.0,336.0,933.0,431.0,617.0,292.0,1211.0,829.0,1672.0,659.0,354.0,3002.0,210.0,150.0,918.0,257.0,515.0,482.0,1732.0,249.0,168.0,910.0,1273.0,431.0,1366.0,1018.0,432.0,389.0,171.0,165.0,154.0,510.0,723.0,429.0,757.0,244.0,364.0,1002.0,630.0,2238.0,1764.0,966.0,2036.0,172.0,211.0,956.0,947.0,874.0,268.0,456.0,513.0,1635.0,847.0,920.0,798.0,182.0,1655.0,1171.0,184.0,492.0,152.0,284.0,220.0,350.0,542.0,749.0,537.0,159.0,335.0,226.0,0.0,0.0,0.0,0.0,0.0,0.0,0.0,0.0,0.0,0.0,0.0,0.0,0.0,0.0,0.0,0.0,0.0,0.0,0.0,0.0,0.0,0.0,0.0,0.0,0.0,0.0,0.0,0.0,0.0,0.0,0.0,0.0,0.0,0.0,0.0,0.0,0.0,0.0,0.0,0.0,0.0,0.0,0.0,0.0,0.0,0.0,0.0,0.0,0.0,0.0,0.0,0.0,0.0,0.0,0.0,0.0,0.0,0.0,0.0,0.0,0.0,0.0,0.0,0.0,0.0,0.0,0.0,0.0,0.0,0.0,0.0,0.0,0.0,0.0,0.0,0.0,0.0,0.0,0.0,0.0,0.0,0.0,0.0,0.0,0.0,0.0,0.0,0.0,0.0,0.0,0.0,0.0,0.0,0.0,0.0,0.0,0.0,0.0,0.0,0.0,0.0,0.0,0.0,0.0,0.0,0.0,0.0,0.0,0.0,0.0,0.0,0.0,0.0,0.0,0.0,0.0,0.0,0.0,0.0,0.0,0.0,0.0,0.0,0.0,0.0,0.0,0.0,0.0,0.0,0.0,0.0,0.0,0.0,0.0,0.0,0.0,0.0,0.0,0.0,0.0,0.0,0.0,0.0,0.0,0.0,0.0,0.0,0.0,0.0,0.0,0.0,0.0,0.0,0.0,0.0,0.0,0.0,0.0,0.0,0.0,0.0,0.0,0.0,0.0,0.0,0.0,0.0,0.0,0.0,0.0,0.0,0.0,0.0,0.0,0.0,0.0,0.0,0.0,0.0,0.0,0.0,0.0,0.0,0.0,0.0,0.0,0.0,0.0,0.0,0.0,0.0,0.0,0.0,0.0,0.0,0.0,0.0,0.0,0.0,0.0,0.0,0.0,0.0,0.0,0.0,0.0,0.0,0.0,0.0,0.0,0.0,0.0,0.0,0.0,0.0,0.0,0.0,0.0,0.0,0.0,0.0,0.0,0.0,0.0,0.0,0.0,0.0,0.0,0.0,0.0,0.0,0.0,0.0,0.0,0.0,0.0,0.0,0.0,0.0,0.0,0.0,0.0,0.0,0.0,0.0,0.0,0.0,0.0,0.0
807.0,321.0,292.0,162.0,970.0,308.0,1286.0,1659.0,2778.0,839.0,364.0,352.0,1073.0,167.0,703.0,1389.0,1522.0,434.0,702.0,240.0,1236.0,519.0,1057.0,295.0,967.0,739.0,1231.0,247.0,1710.0,723.0,1133.0,907.0,337.0,1487.0,1732.0,282.0,1590.0,203.0,199.0,871.0,300.0,1538.0,616.0,487.0,2536.0,1127.0,1046.0,1818.0,160.0,646.0,900.0,316.0,336.0,609.0,1617.0,1322.0,335.0,666.0,151.0,668.0,643.0,166.0,266.0,150.0,162.0,336.0,737.0,1414.0,1721.0,1013.0,153.0,779.0,195.0,548.0,902.0,1519.0,1322.0,842.0,1017.0,769.0,257.0,571.0,1415.0,1186.0,255.0,1071.0,620.0,711.0,899.0,2064.0,1644.0,2637.0,1396.0,1583.0,715.0,695.0,320.0,645.0,218.0,337.0,1306.0,328.0,578.0,842.0,353.0,199.0,183.0,996.0,866.0,1131.0,1316.0,210.0,313.0,1020.0,1091.0,155.0,343.0,966.0,812.0,488.0,1291.0,480.0,224.0,1089.0,1309.0,1394.0,637.0,683.0,347.0,891.0,1756.0,1459.0,363.0,658.0,206.0,285.0,165.0,321.0,1895.0,1390.0,698.0,274.0,624.0,390.0,189.0,805.0,2462.0,441.0,5889.0,690.0,531.0,416.0,608.0,1009.0,1621.0,266.0,585.0,564.0,318.0,606.0,1204.0,335.0,832.0,682.0,235.0,351.0,200.0,1038.0,1367.0,2904.0,156.0,274.0,526.0,496.0,153.0,219.0,1645.0,1376.0,173.0,1279.0,881.0,384.0,1019.0,443.0,382.0,171.0,150.0,498.0,738.0,228.0,742.0,255.0,380.0,954.0,2160.0,554.0,1019.0,1690.0,1178.0,981.0,2049.0,200.0,854.0,271.0,417.0,527.0,637.0,1131.0,932.0,926.0,922.0,1075.0,1733.0,171.0,183.0,407.0,576.0,314.0,831.0,975.0,533.0,311.0,276.0,440.0,154.0,0.0,0.0,0.0,0.0,0.0,0.0,0.0,0.0,0.0,0.0,0.0,0.0,0.0,0.0,0.0,0.0,0.0,0.0,0.0,0.0,0.0,0.0,0.0,0.0,0.0,0.0,0.0,0.0,0.0,0.0,0.0,0.0,0.0,0.0,0.0,0.0,0.0,0.0,0.0,0.0,0.0,0.0,0.0,0.0,0.0,0.0,0.0,0.0,0.0,0.0,0.0,0.0,0.0,0.0,0.0,0.0,0.0,0.0,0.0,0.0,0.0,0.0,0.0,0.0,0.0,0.0,0.0,0.0,0.0,0.0,0.0,0.0,0.0,0.0,0.0,0.0,0.0,0.0,0.0,0.0,0.0,0.0,0.0,0.0,0.0,0.0,0.0,0.0,0.0,0.0,0.0,0.0,0.0,0.0,0.0,0.0,0.0,0.0,0.0,0.0,0.0,0.0,0.0,0.0,0.0,0.0,0.0,0.0,0.0,0.0,0.0,0.0,0.0,0.0,0.0,0.0,0.0,0.0,0.0,0.0,0.0,0.0,0.0,0.0,0.0,0.0,0.0,0.0,0.0,0.0,0.0,0.0,0.0,0.0,0.0,0.0,0.0,0.0,0.0,0.0,0.0,0.0,0.0,0.0,0.0,0.0,0.0,0.0,0.0,0.0,0.0,0.0,0.0,0.0,0.0,0.0,0.0,0.0,0.0,0.0,0.0,0.0,0.0,0.0,0.0,0.0,0.0,0.0,0.0,0.0,0.0,0.0,0.0,0.0,0.0,0.0,0.0,0.0,0.0,0.0,0.0,0.0,0.0,0.0,0.0,0.0,0.0,0.0,0.0,0.0,0.0,0.0,0.0,0.0,0.0,0.0,0.0,0.0,0.0,0.0,0.0,0.0,0.0,0.0,0.0,0.0,0.0,0.0,0.0,0.0,0.0,0.0,0.0,0.0,0.0,0.0,0.0,0.0,0.0,0.0,0.0,0.0,0.0,0.0,0.0,0.0,0.0,0.0,0.0,0.0,0.0,0.0,0.0,0.0,0.0,0.0,0.0,0.0,0.0,0.0,0.0,0.0,0.0,0.0,0.0,0.0,0.0,0.0,0.0,0.0,0.0,0.0,0.0,0.0
800.0,270.0,289.0,228.0,1347.0,376.0,1194.0,385.0,185.0,1648.0,886.0,411.0,537.0,1157.0,182.0,667.0,1243.0,853.0,441.0,541.0,243.0,1243.0,1098.0,1555.0,1634.0,317.0,998.0,1218.0,704.0,173.0,248.0,1757.0,995.0,713.0,1925.0,389.0,1410.0,1079.0,172.0,865.0,210.0,1588.0,312.0,1558.0,600.0,2514.0,493.0,2070.0,1005.0,169.0,361.0,1698.0,329.0,501.0,594.0,1282.0,3211.0,703.0,1493.0,856.0,254.0,264.0,1168.0,1371.0,341.0,756.0,163.0,819.0,199.0,532.0,1062.0,1398.0,1589.0,809.0,968.0,255.0,3041.0,485.0,754.0,1371.0,275.0,607.0,1259.0,982.0,722.0,2471.0,1536.0,1537.0,758.0,1427.0,639.0,310.0,687.0,311.0,1755.0,1385.0,1044.0,354.0,567.0,366.0,159.0,178.0,916.0,1001.0,190.0,899.0,1002.0,980.0,211.0,151.0,1715.0,253.0,573.0,870.0,901.0,522.0,1302.0,232.0,716.0,717.0,391.0,1871.0,1354.0,805.0,338.0,1666.0,742.0,435.0,181.0,211.0,1485.0,2038.0,313.0,696.0,737.0,407.0,294.0,558.0,195.0,508.0,755.0,2653.0,6013.0,506.0,703.0,234.0,428.0,931.0,604.0,1506.0,271.0,595.0,621.0,329.0,632.0,1265.0,297.0,850.0,749.0,235.0,325.0,1091.0,213.0,2477.0,151.0,498.0,1362.0,283.0,1711.0,470.0,1528.0,219.0,1271.0,1068.0,442.0,830.0,424.0,410.0,176.0,169.0,544.0,746.0,172.0,1125.0,484.0,447.0,796.0,541.0,2152.0,951.0,1143.0,1694.0,991.0,874.0,787.0,270.0,531.0,511.0,160.0,1055.0,1093.0,956.0,624.0,2148.0,963.0,1272.0,200.0,1734.0,186.0,280.0,617.0,442.0,753.0,325.0,484.0,189.0,0.0,0.0,0.0,0.0,0.0,0.0,0.0,0.0,0.0,0.0,0.0,0.0,0.0,0.0,0.0,0.0,0.0,0.0,0.0,0.0,0.0,0.0,0.0,0.0,0.0,0.0,0.0,0.0,0.0,0.0,0.0,0.0,0.0,0.0,0.0,0.0,0.0,0.0,0.0,0.0,0.0,0.0,0.0,0.0,0.0,0.0,0.0,0.0,0.0,0.0,0.0,0.0,0.0,0.0,0.0,0.0,0.0,0.0,0.0,0.0,0.0,0.0,0.0,0.0,0.0,0.0,0.0,0.0,0.0,0.0,0.0,0.0,0.0,0.0,0.0,0.0,0.0,0.0,0.0,0.0,0.0,0.0,0.0,0.0,0.0,0.0,0.0,0.0,0.0,0.0,0.0,0.0,0.0,0.0,0.0,0.0,0.0,0.0,0.0,0.0,0.0,0.0,0.0,0.0,0.0,0.0,0.0,0.0,0.0,0.0,0.0,0.0,0.0,0.0,0.0,0.0,0.0,0.0,0.0,0.0,0.0,0.0,0.0,0.0,0.0,0.0,0.0,0.0,0.0,0.0,0.0,0.0,0.0,0.0,0.0,0.0,0.0,0.0,0.0,0.0,0.0,0.0,0.0,0.0,0.0,0.0,0.0,0.0,0.0,0.0,0.0,0.0,0.0,0.0,0.0,0.0,0.0,0.0,0.0,0.0,0.0,0.0,0.0,0.0,0.0,0.0,0.0,0.0,0.0,0.0,0.0,0.0,0.0,0.0,0.0,0.0,0.0,0.0,0.0,0.0,0.0,0.0,0.0,0.0,0.0,0.0,0.0,0.0,0.0,0.0,0.0,0.0,0.0,0.0,0.0,0.0,0.0,0.0,0.0,0.0,0.0,0.0,0.0,0.0,0.0,0.0,0.0,0.0,0.0,0.0,0.0,0.0,0.0,0.0,0.0,0.0,0.0,0.0,0.0,0.0,0.0,0.0,0.0,0.0,0.0,0.0,0.0,0.0,0.0,0.0,0.0,0.0,0.0,0.0,0.0,0.0,0.0,0.0,0.0,0.0,0.0,0.0,0.0,0.0,0.0,0.0,0.0,0.0,0.0,0.0,0.0,0.0,0.0,0.0,0.0,0.0,0.0,0.0,0.0,0.0,0.0,0.0,0.0
1155.0,231.0,169.0,221.0,333.0,1156.0,382.0,1636.0,1200.0,827.0,368.0,535.0,1111.0,186.0,681.0,1277.0,666.0,1810.0,1273.0,456.0,229.0,1391.0,1102.0,947.0,321.0,1577.0,1164.0,690.0,168.0,250.0,1690.0,785.0,159.0,389.0,1044.0,1375.0,1621.0,330.0,987.0,1728.0,156.0,179.0,164.0,1620.0,3333.0,500.0,1516.0,1019.0,496.0,783.0,163.0,1798.0,927.0,645.0,1341.0,313.0,1477.0,784.0,261.0,362.0,847.0,1270.0,782.0,157.0,1097.0,1559.0,782.0,156.0,204.0,993.0,1547.0,493.0,1334.0,958.0,964.0,1960.0,272.0,489.0,1385.0,1001.0,975.0,151.0,615.0,1395.0,737.0,1470.0,2585.0,1148.0,1695.0,583.0,1621.0,679.0,301.0,660.0,1386.0,1801.0,243.0,1083.0,318.0,540.0,383.0,162.0,865.0,1091.0,777.0,191.0,1019.0,876.0,208.0,341.0,711.0,629.0,245.0,982.0,1417.0,215.0,944.0,528.0,681.0,399.0,1679.0,708.0,1193.0,355.0,1594.0,701.0,1269.0,171.0,208.0,233.0,359.0,1615.0,736.0,1119.0,740.0,372.0,794.0,873.0,232.0,510.0,739.0,2309.0,6207.0,531.0,718.0,253.0,924.0,586.0,1561.0,285.0,583.0,320.0,570.0,580.0,826.0,328.0,1249.0,677.0,295.0,231.0,199.0,1124.0,508.0,280.0,1411.0,1749.0,490.0,2159.0,1448.0,224.0,150.0,1337.0,457.0,437.0,649.0,1971.0,457.0,175.0,813.0,469.0,229.0,1556.0,457.0,578.0,1018.0,1154.0,934.0,1634.0,2236.0,1017.0,942.0,313.0,568.0,482.0,162.0,1271.0,1052.0,1103.0,566.0,1859.0,952.0,1250.0,1274.0,178.0,257.0,581.0,484.0,483.0,152.0,288.0,780.0,332.0,426.0,419.0,0.0,0.0,0.0,0.0,0.0,0.0,0.0,0.0,0.0,0.0,0.0,0.0,0.0,0.0,0.0,0.0,0.0,0.0,0.0,0.0,0.0,0.0,0.0,0.0,0.0,0.0,0.0,0.0,0.0,0.0,0.0,0.0,0.0,0.0,0.0,0.0,0.0,0.0,0.0,0.0,0.0,0.0,0.0,0.0,0.0,0.0,0.0,0.0,0.0,0.0,0.0,0.0,0.0,0.0,0.0,0.0,0.0,0.0,0.0,0.0,0.0,0.0,0.0,0.0,0.0,0.0,0.0,0.0,0.0,0.0,0.0,0.0,0.0,0.0,0.0,0.0,0.0,0.0,0.0,0.0,0.0,0.0,0.0,0.0,0.0,0.0,0.0,0.0,0.0,0.0,0.0,0.0,0.0,0.0,0.0,0.0,0.0,0.0,0.0,0.0,0.0,0.0,0.0,0.0,0.0,0.0,0.0,0.0,0.0,0.0,0.0,0.0,0.0,0.0,0.0,0.0,0.0,0.0,0.0,0.0,0.0,0.0,0.0,0.0,0.0,0.0,0.0,0.0,0.0,0.0,0.0,0.0,0.0,0.0,0.0,0.0,0.0,0.0,0.0,0.0,0.0,0.0,0.0,0.0,0.0,0.0,0.0,0.0,0.0,0.0,0.0,0.0,0.0,0.0,0.0,0.0,0.0,0.0,0.0,0.0,0.0,0.0,0.0,0.0,0.0,0.0,0.0,0.0,0.0,0.0,0.0,0.0,0.0,0.0,0.0,0.0,0.0,0.0,0.0,0.0,0.0,0.0,0.0,0.0,0.0,0.0,0.0,0.0,0.0,0.0,0.0,0.0,0.0,0.0,0.0,0.0,0.0,0.0,0.0,0.0,0.0,0.0,0.0,0.0,0.0,0.0,0.0,0.0,0.0,0.0,0.0,0.0,0.0,0.0,0.0,0.0,0.0,0.0,0.0,0.0,0.0,0.0,0.0,0.0,0.0,0.0,0.0,0.0,0.0,0.0,0.0,0.0,0.0,0.0,0.0,0.0,0.0,0.0,0.0,0.0,0.0,0.0,0.0,0.0,0.0,0.0,0.0,0.0,0.0,0.0,0.0,0.0,0.0,0.0,0.0,0.0,0.0,0.0,0.0,0.0,0.0,0.0,0.0,0.0,0.0
262.0,171.0,274.0,399.0,277.0,917.0,991.0,1738.0,1241.0,899.0,576.0,1118.0,176.0,200.0,647.0,1266.0,466.0,1839.0,1440.0,602.0,1170.0,1353.0,302.0,1532.0,1116.0,1093.0,620.0,172.0,250.0,771.0,159.0,1381.0,1321.0,1780.0,360.0,1637.0,409.0,947.0,217.0,161.0,1261.0,203.0,1609.0,547.0,537.0,3144.0,707.0,1518.0,981.0,163.0,927.0,1584.0,646.0,1304.0,370.0,1438.0,266.0,651.0,669.0,1275.0,1291.0,349.0,736.0,1465.0,160.0,803.0,203.0,519.0,1016.0,1541.0,1419.0,852.0,900.0,262.0,1959.0,1435.0,184.0,632.0,3174.0,1398.0,398.0,754.0,856.0,1643.0,159.0,2563.0,593.0,1419.0,1545.0,337.0,664.0,708.0,957.0,1375.0,228.0,546.0,355.0,422.0,153.0,153.0,946.0,1113.0,184.0,691.0,206.0,1053.0,994.0,154.0,340.0,773.0,798.0,263.0,976.0,1383.0,248.0,666.0,510.0,919.0,1437.0,760.0,374.0,1162.0,362.0,688.0,1559.0,1232.0,170.0,205.0,519.0,1453.0,1331.0,350.0,819.0,801.0,1551.0,404.0,184.0,611.0,739.0,516.0,5717.0,187.0,519.0,474.0,2089.0,951.0,635.0,670.0,283.0,1519.0,326.0,591.0,585.0,838.0,226.0,331.0,700.0,422.0,1192.0,224.0,1156.0,546.0,265.0,1730.0,1256.0,490.0,1508.0,2016.0,217.0,1489.0,451.0,2284.0,440.0,1252.0,431.0,175.0,479.0,844.0,310.0,162.0,468.0,473.0,409.0,230.0,546.0,205.0,1049.0,1001.0,1264.0,1044.0,1585.0,875.0,2262.0,583.0,1198.0,1322.0,1064.0,1535.0,948.0,944.0,590.0,209.0,1260.0,202.0,608.0,519.0,738.0,311.0,836.0,184.0,340.0,150.0,482.0,550.0,0.0,0.0,0.0,0.0,0.0,0.0,0.0,0.0,0.0,0.0,0.0,0.0,0.0,0.0,0.0,0.0,0.0,0.0,0.0,0.0,0.0,0.0,0.0,0.0,0.0,0.0,0.0,0.0,0.0,0.0,0.0,0.0,0.0,0.0,0.0,0.0,0.0,0.0,0.0,0.0,0.0,0.0,0.0,0.0,0.0,0.0,0.0,0.0,0.0,0.0,0.0,0.0,0.0,0.0,0.0,0.0,0.0,0.0,0.0,0.0,0.0,0.0,0.0,0.0,0.0,0.0,0.0,0.0,0.0,0.0,0.0,0.0,0.0,0.0,0.0,0.0,0.0,0.0,0.0,0.0,0.0,0.0,0.0,0.0,0.0,0.0,0.0,0.0,0.0,0.0,0.0,0.0,0.0,0.0,0.0,0.0,0.0,0.0,0.0,0.0,0.0,0.0,0.0,0.0,0.0,0.0,0.0,0.0,0.0,0.0,0.0,0.0,0.0,0.0,0.0,0.0,0.0,0.0,0.0,0.0,0.0,0.0,0.0,0.0,0.0,0.0,0.0,0.0,0.0,0.0,0.0,0.0,0.0,0.0,0.0,0.0,0.0,0.0,0.0,0.0,0.0,0.0,0.0,0.0,0.0,0.0,0.0,0.0,0.0,0.0,0.0,0.0,0.0,0.0,0.0,0.0,0.0,0.0,0.0,0.0,0.0,0.0,0.0,0.0,0.0,0.0,0.0,0.0,0.0,0.0,0.0,0.0,0.0,0.0,0.0,0.0,0.0,0.0,0.0,0.0,0.0,0.0,0.0,0.0,0.0,0.0,0.0,0.0,0.0,0.0,0.0,0.0,0.0,0.0,0.0,0.0,0.0,0.0,0.0,0.0,0.0,0.0,0.0,0.0,0.0,0.0,0.0,0.0,0.0,0.0,0.0,0.0,0.0,0.0,0.0,0.0,0.0,0.0,0.0,0.0,0.0,0.0,0.0,0.0,0.0,0.0,0.0,0.0,0.0,0.0,0.0,0.0,0.0,0.0,0.0,0.0,0.0,0.0,0.0,0.0,0.0,0.0,0.0,0.0,0.0,0.0,0.0,0.0,0.0,0.0,0.0,0.0,0.0,0.0,0.0,0.0,0.0,0.0,0.0,0.0,0.0,0.0,0.0,0.0,0.0
1088.0,261.0,268.0,226.0,1408.0,413.0,306.0,918.0,163.0,1629.0,992.0,580.0,207.0,1072.0,167.0,544.0,1367.0,430.0,691.0,637.0,1297.0,1547.0,271.0,1186.0,1134.0,1437.0,684.0,1361.0,2061.0,1056.0,806.0,1470.0,184.0,417.0,1059.0,1600.0,354.0,208.0,1486.0,929.0,270.0,2244.0,1520.0,596.0,521.0,3015.0,1066.0,161.0,682.0,948.0,1575.0,672.0,1316.0,358.0,1481.0,164.0,231.0,670.0,1429.0,357.0,1053.0,735.0,159.0,1522.0,975.0,205.0,928.0,525.0,1488.0,1322.0,828.0,850.0,1817.0,1477.0,966.0,231.0,652.0,615.0,1411.0,415.0,793.0,1531.0,2652.0,2022.0,568.0,271.0,1440.0,1662.0,689.0,442.0,720.0,1027.0,229.0,1339.0,337.0,524.0,402.0,163.0,1129.0,978.0,171.0,773.0,919.0,198.0,963.0,355.0,1043.0,1547.0,844.0,824.0,280.0,284.0,513.0,731.0,1333.0,714.0,2766.0,2544.0,362.0,2161.0,720.0,232.0,1413.0,159.0,450.0,333.0,844.0,773.0,682.0,371.0,548.0,694.0,5556.0,702.0,491.0,559.0,1832.0,281.0,670.0,1980.0,490.0,306.0,1512.0,566.0,625.0,345.0,824.0,743.0,388.0,211.0,250.0,1169.0,560.0,272.0,1706.0,1245.0,528.0,1414.0,1948.0,656.0,1579.0,1418.0,799.0,421.0,398.0,1070.0,166.0,540.0,300.0,158.0,380.0,413.0,401.0,1333.0,972.0,578.0,1776.0,1031.0,1216.0,1097.0,876.0,539.0,2156.0,163.0,1430.0,986.0,1091.0,1696.0,1438.0,881.0,1236.0,591.0,194.0,169.0,486.0,727.0,300.0,228.0,612.0,202.0,882.0,328.0,539.0,0.0,0.0,0.0,0.0,0.0,0.0,0.0,0.0,0.0,0.0,0.0,0.0,0.0,0.0,0.0,0.0,0.0,0.0,0.0,0.0,0.0,0.0,0.0,0.0,0.0,0.0,0.0,0.0,0.0,0.0,0.0,0.0,0.0,0.0,0.0,0.0,0.0,0.0,0.0,0.0,0.0,0.0,0.0,0.0,0.0,0.0,0.0,0.0,0.0,0.0,0.0,0.0,0.0,0.0,0.0,0.0,0.0,0.0,0.0,0.0,0.0,0.0,0.0,0.0,0.0,0.0,0.0,0.0,0.0,0.0,0.0,0.0,0.0,0.0,0.0,0.0,0.0,0.0,0.0,0.0,0.0,0.0,0.0,0.0,0.0,0.0,0.0,0.0,0.0,0.0,0.0,0.0,0.0,0.0,0.0,0.0,0.0,0.0,0.0,0.0,0.0,0.0,0.0,0.0,0.0,0.0,0.0,0.0,0.0,0.0,0.0,0.0,0.0,0.0,0.0,0.0,0.0,0.0,0.0,0.0,0.0,0.0,0.0,0.0,0.0,0.0,0.0,0.0,0.0,0.0,0.0,0.0,0.0,0.0,0.0,0.0,0.0,0.0,0.0,0.0,0.0,0.0,0.0,0.0,0.0,0.0,0.0,0.0,0.0,0.0,0.0,0.0,0.0,0.0,0.0,0.0,0.0,0.0,0.0,0.0,0.0,0.0,0.0,0.0,0.0,0.0,0.0,0.0,0.0,0.0,0.0,0.0,0.0,0.0,0.0,0.0,0.0,0.0,0.0,0.0,0.0,0.0,0.0,0.0,0.0,0.0,0.0,0.0,0.0,0.0,0.0,0.0,0.0,0.0,0.0,0.0,0.0,0.0,0.0,0.0,0.0,0.0,0.0,0.0,0.0,0.0,0.0,0.0,0.0,0.0,0.0,0.0,0.0,0.0,0.0,0.0,0.0,0.0,0.0,0.0,0.0,0.0,0.0,0.0,0.0,0.0,0.0,0.0,0.0,0.0,0.0,0.0,0.0,0.0,0.0,0.0,0.0,0.0,0.0,0.0,0.0,0.0,0.0,0.0,0.0,0.0,0.0,0.0,0.0,0.0,0.0,0.0,0.0,0.0,0.0,0.0,0.0,0.0,0.0,0.0,0.0,0.0,0.0,0.0,0.0,0.0,0.0,0.0,0.0,0.0,0.0,0.0,0.0,0.0,0.0,0.0
1231.0,328.0,264.0,239.0,402.0,317.0,1189.0,168.0,1481.0,1307.0,1416.0,525.0,212.0,1129.0,171.0,472.0,1317.0,716.0,687.0,345.0,2772.0,1243.0,1571.0,1121.0,1315.0,647.0,158.0,973.0,2014.0,783.0,204.0,1506.0,415.0,1110.0,1627.0,214.0,340.0,1267.0,980.0,241.0,1515.0,580.0,538.0,2199.0,2640.0,991.0,682.0,159.0,1081.0,1460.0,579.0,1371.0,245.0,1463.0,295.0,230.0,761.0,1437.0,1126.0,334.0,721.0,154.0,1537.0,894.0,190.0,961.0,528.0,1521.0,1440.0,876.0,739.0,1566.0,1452.0,1477.0,1050.0,175.0,2647.0,399.0,636.0,756.0,1334.0,2636.0,250.0,701.0,2682.0,1705.0,312.0,869.0,628.0,1021.0,226.0,367.0,555.0,1315.0,397.0,967.0,263.0,872.0,2308.0,203.0,1045.0,428.0,819.0,773.0,934.0,1009.0,367.0,456.0,2511.0,1445.0,753.0,1653.0,620.0,673.0,2950.0,546.0,1442.0,166.0,327.0,791.0,614.0,294.0,533.0,432.0,188.0,707.0,5819.0,705.0,500.0,705.0,1733.0,595.0,276.0,1545.0,660.0,1771.0,298.0,656.0,587.0,836.0,370.0,680.0,2250.0,222.0,244.0,1060.0,555.0,1253.0,271.0,530.0,1311.0,718.0,1861.0,174.0,1383.0,860.0,1581.0,2316.0,413.0,448.0,167.0,510.0,332.0,174.0,258.0,416.0,421.0,932.0,160.0,541.0,1034.0,1035.0,1080.0,1632.0,2096.0,795.0,499.0,162.0,1044.0,1618.0,1406.0,964.0,947.0,201.0,1283.0,1200.0,547.0,202.0,729.0,453.0,213.0,308.0,846.0,869.0,356.0,172.0,169.0,478.0,0.0,0.0,0.0,0.0,0.0,0.0,0.0,0.0,0.0,0.0,0.0,0.0,0.0,0.0,0.0,0.0,0.0,0.0,0.0,0.0,0.0,0.0,0.0,0.0,0.0,0.0,0.0,0.0,0.0,0.0,0.0,0.0,0.0,0.0,0.0,0.0,0.0,0.0,0.0,0.0,0.0,0.0,0.0,0.0,0.0,0.0,0.0,0.0,0.0,0.0,0.0,0.0,0.0,0.0,0.0,0.0,0.0,0.0,0.0,0.0,0.0,0.0,0.0,0.0,0.0,0.0,0.0,0.0,0.0,0.0,0.0,0.0,0.0,0.0,0.0,0.0,0.0,0.0,0.0,0.0,0.0,0.0,0.0,0.0,0.0,0.0,0.0,0.0,0.0,0.0,0.0,0.0,0.0,0.0,0.0,0.0,0.0,0.0,0.0,0.0,0.0,0.0,0.0,0.0,0.0,0.0,0.0,0.0,0.0,0.0,0.0,0.0,0.0,0.0,0.0,0.0,0.0,0.0,0.0,0.0,0.0,0.0,0.0,0.0,0.0,0.0,0.0,0.0,0.0,0.0,0.0,0.0,0.0,0.0,0.0,0.0,0.0,0.0,0.0,0.0,0.0,0.0,0.0,0.0,0.0,0.0,0.0,0.0,0.0,0.0,0.0,0.0,0.0,0.0,0.0,0.0,0.0,0.0,0.0,0.0,0.0,0.0,0.0,0.0,0.0,0.0,0.0,0.0,0.0,0.0,0.0,0.0,0.0,0.0,0.0,0.0,0.0,0.0,0.0,0.0,0.0,0.0,0.0,0.0,0.0,0.0,0.0,0.0,0.0,0.0,0.0,0.0,0.0,0.0,0.0,0.0,0.0,0.0,0.0,0.0,0.0,0.0,0.0,0.0,0.0,0.0,0.0,0.0,0.0,0.0,0.0,0.0,0.0,0.0,0.0,0.0,0.0,0.0,0.0,0.0,0.0,0.0,0.0,0.0,0.0,0.0,0.0,0.0,0.0,0.0,0.0,0.0,0.0,0.0,0.0,0.0,0.0,0.0,0.0,0.0,0.0,0.0,0.0,0.0,0.0,0.0,0.0,0.0,0.0,0.0,0.0,0.0,0.0,0.0,0.0,0.0,0.0,0.0,0.0,0.0,0.0,0.0,0.0,0.0,0.0,0.0,0.0,0.0,0.0,0.0,0.0,0.0,0.0,0.0,0.0,0.0,0.0,0.0,0.0,0.0,0.0
1306.0,320.0,220.0,1412.0,448.0,373.0,1252.0,1002.0,1588.0,516.0,1094.0,203.0,179.0,486.0,1273.0,158.0,706.0,2736.0,440.0,672.0,354.0,1712.0,1242.0,1224.0,718.0,1352.0,160.0,1038.0,816.0,1358.0,414.0,1532.0,433.0,202.0,897.0,276.0,1511.0,1201.0,245.0,1579.0,1501.0,516.0,1487.0,3135.0,781.0,1106.0,168.0,1085.0,154.0,1397.0,1501.0,535.0,376.0,1683.0,844.0,209.0,680.0,376.0,1503.0,1131.0,709.0,150.0,1545.0,159.0,867.0,186.0,1006.0,518.0,1606.0,1321.0,922.0,787.0,158.0,175.0,1496.0,1509.0,1487.0,186.0,399.0,2778.0,758.0,657.0,796.0,1626.0,2645.0,717.0,1712.0,246.0,1502.0,280.0,851.0,713.0,1051.0,235.0,384.0,1292.0,487.0,379.0,930.0,1037.0,841.0,279.0,987.0,1895.0,889.0,841.0,955.0,876.0,402.0,982.0,447.0,1375.0,1703.0,687.0,2414.0,650.0,520.0,1979.0,1417.0,178.0,568.0,334.0,859.0,796.0,543.0,742.0,286.0,460.0,5782.0,507.0,717.0,650.0,666.0,1745.0,611.0,283.0,664.0,316.0,1700.0,675.0,1551.0,590.0,357.0,809.0,710.0,220.0,2225.0,267.0,247.0,1167.0,562.0,209.0,1221.0,286.0,520.0,544.0,1923.0,1251.0,187.0,1284.0,1304.0,869.0,465.0,470.0,935.0,164.0,493.0,328.0,155.0,257.0,187.0,185.0,364.0,419.0,1132.0,563.0,245.0,1001.0,966.0,1071.0,992.0,1661.0,560.0,827.0,2079.0,168.0,1153.0,1437.0,1452.0,938.0,1236.0,1344.0,250.0,213.0,2192.0,574.0,471.0,733.0,289.0,751.0,198.0,162.0,498.0,176.0,161.0,0.0,0.0,0.0,0.0,0.0,0.0,0.0,0.0,0.0,0.0,0.0,0.0,0.0,0.0,0.0,0.0,0.0,0.0,0.0,0.0,0.0,0.0,0.0,0.0,0.0,0.0,0.0,0.0,0.0,0.0,0.0,0.0,0.0,0.0,0.0,0.0,0.0,0.0,0.0,0.0,0.0,0.0,0.0,0.0,0.0,0.0,0.0,0.0,0.0,0.0,0.0,0.0,0.0,0.0,0.0,0.0,0.0,0.0,0.0,0.0,0.0,0.0,0.0,0.0,0.0,0.0,0.0,0.0,0.0,0.0,0.0,0.0,0.0,0.0,0.0,0.0,0.0,0.0,0.0,0.0,0.0,0.0,0.0,0.0,0.0,0.0,0.0,0.0,0.0,0.0,0.0,0.0,0.0,0.0,0.0,0.0,0.0,0.0,0.0,0.0,0.0,0.0,0.0,0.0,0.0,0.0,0.0,0.0,0.0,0.0,0.0,0.0,0.0,0.0,0.0,0.0,0.0,0.0,0.0,0.0,0.0,0.0,0.0,0.0,0.0,0.0,0.0,0.0,0.0,0.0,0.0,0.0,0.0,0.0,0.0,0.0,0.0,0.0,0.0,0.0,0.0,0.0,0.0,0.0,0.0,0.0,0.0,0.0,0.0,0.0,0.0,0.0,0.0,0.0,0.0,0.0,0.0,0.0,0.0,0.0,0.0,0.0,0.0,0.0,0.0,0.0,0.0,0.0,0.0,0.0,0.0,0.0,0.0,0.0,0.0,0.0,0.0,0.0,0.0,0.0,0.0,0.0,0.0,0.0,0.0,0.0,0.0,0.0,0.0,0.0,0.0,0.0,0.0,0.0,0.0,0.0,0.0,0.0,0.0,0.0,0.0,0.0,0.0,0.0,0.0,0.0,0.0,0.0,0.0,0.0,0.0,0.0,0.0,0.0,0.0,0.0,0.0,0.0,0.0,0.0,0.0,0.0,0.0,0.0,0.0,0.0,0.0,0.0,0.0,0.0,0.0,0.0,0.0,0.0,0.0,0.0,0.0,0.0,0.0,0.0,0.0,0.0,0.0,0.0,0.0,0.0,0.0,0.0,0.0,0.0,0.0,0.0,0.0,0.0,0.0,0.0,0.0,0.0,0.0,0.0,0.0,0.0,0.0,0.0,0.0,0.0,0.0,0.0,0.0,0.0,0.0,0.0,0.0,0.0
338.0,157.0,192.0,1340.0,415.0,277.0,1323.0,233.0,1152.0,935.0,1556.0,152.0,554.0,1083.0,1171.0,194.0,159.0,1758.0,178.0,235.0,2772.0,488.0,723.0,726.0,1778.0,1151.0,653.0,1518.0,158.0,940.0,842.0,210.0,420.0,612.0,1468.0,1532.0,1164.0,366.0,947.0,1746.0,178.0,1428.0,1607.0,579.0,842.0,2095.0,2592.0,1100.0,176.0,545.0,1133.0,1411.0,586.0,1368.0,2446.0,275.0,166.0,239.0,1590.0,1036.0,334.0,728.0,150.0,1472.0,156.0,1019.0,207.0,1140.0,1624.0,629.0,1370.0,857.0,851.0,1545.0,179.0,1462.0,1513.0,293.0,407.0,2453.0,843.0,658.0,864.0,201.0,1743.0,1520.0,188.0,728.0,1790.0,955.0,313.0,743.0,2577.0,1031.0,217.0,1254.0,348.0,543.0,376.0,920.0,821.0,185.0,991.0,884.0,949.0,1909.0,834.0,939.0,800.0,394.0,553.0,794.0,1508.0,688.0,2019.0,1989.0,513.0,2366.0,643.0,1504.0,520.0,320.0,168.0,776.0,1286.0,730.0,572.0,324.0,391.0,154.0,5727.0,540.0,637.0,625.0,187.0,1912.0,569.0,326.0,692.0,306.0,604.0,1625.0,584.0,1570.0,365.0,808.0,233.0,712.0,2030.0,230.0,2007.0,1184.0,575.0,315.0,304.0,706.0,1374.0,501.0,1367.0,1239.0,1423.0,450.0,860.0,426.0,2188.0,539.0,162.0,348.0,213.0,151.0,410.0,286.0,426.0,1032.0,571.0,1093.0,934.0,1067.0,2133.0,2412.0,501.0,1611.0,157.0,1179.0,1491.0,1442.0,962.0,211.0,220.0,2074.0,1168.0,569.0,826.0,476.0,338.0,681.0,186.0,170.0,163.0,371.0,0.0,0.0,0.0,0.0,0.0,0.0,0.0,0.0,0.0,0.0,0.0,0.0,0.0,0.0,0.0,0.0,0.0,0.0,0.0,0.0,0.0,0.0,0.0,0.0,0.0,0.0,0.0,0.0,0.0,0.0,0.0,0.0,0.0,0.0,0.0,0.0,0.0,0.0,0.0,0.0,0.0,0.0,0.0,0.0,0.0,0.0,0.0,0.0,0.0,0.0,0.0,0.0,0.0,0.0,0.0,0.0,0.0,0.0,0.0,0.0,0.0,0.0,0.0,0.0,0.0,0.0,0.0,0.0,0.0,0.0,0.0,0.0,0.0,0.0,0.0,0.0,0.0,0.0,0.0,0.0,0.0,0.0,0.0,0.0,0.0,0.0,0.0,0.0,0.0,0.0,0.0,0.0,0.0,0.0,0.0,0.0,0.0,0.0,0.0,0.0,0.0,0.0,0.0,0.0,0.0,0.0,0.0,0.0,0.0,0.0,0.0,0.0,0.0,0.0,0.0,0.0,0.0,0.0,0.0,0.0,0.0,0.0,0.0,0.0,0.0,0.0,0.0,0.0,0.0,0.0,0.0,0.0,0.0,0.0,0.0,0.0,0.0,0.0,0.0,0.0,0.0,0.0,0.0,0.0,0.0,0.0,0.0,0.0,0.0,0.0,0.0,0.0,0.0,0.0,0.0,0.0,0.0,0.0,0.0,0.0,0.0,0.0,0.0,0.0,0.0,0.0,0.0,0.0,0.0,0.0,0.0,0.0,0.0,0.0,0.0,0.0,0.0,0.0,0.0,0.0,0.0,0.0,0.0,0.0,0.0,0.0,0.0,0.0,0.0,0.0,0.0,0.0,0.0,0.0,0.0,0.0,0.0,0.0,0.0,0.0,0.0,0.0,0.0,0.0,0.0,0.0,0.0,0.0,0.0,0.0,0.0,0.0,0.0,0.0,0.0,0.0,0.0,0.0,0.0,0.0,0.0,0.0,0.0,0.0,0.0,0.0,0.0,0.0,0.0,0.0,0.0,0.0,0.0,0.0,0.0,0.0,0.0,0.0,0.0,0.0,0.0,0.0,0.0,0.0,0.0,0.0,0.0,0.0,0.0,0.0,0.0,0.0,0.0,0.0,0.0,0.0,0.0,0.0,0.0,0.0,0.0,0.0,0.0,0.0,0.0,0.0,0.0,0.0,0.0,0.0,0.0,0.0,0.0,0.0,0.0,0.0,0.0,0.0,0.0
276.0,172.0,1386.0,427.0,291.0,1040.0,197.0,1244.0,952.0,1601.0,155.0,484.0,218.0,1089.0,264.0,1161.0,550.0,176.0,1395.0,484.0,724.0,1695.0,364.0,1321.0,1482.0,1541.0,1266.0,628.0,1651.0,174.0,815.0,152.0,677.0,1510.0,181.0,448.0,1341.0,1190.0,1712.0,1007.0,1766.0,1648.0,244.0,560.0,2156.0,805.0,2479.0,543.0,1044.0,1378.0,2565.0,1079.0,569.0,1291.0,278.0,207.0,359.0,1604.0,1072.0,777.0,151.0,1384.0,159.0,893.0,205.0,1141.0,1594.0,543.0,1363.0,814.0,880.0,1609.0,574.0,1561.0,1479.0,2715.0,179.0,195.0,671.0,828.0,164.0,1941.0,1596.0,2005.0,710.0,1526.0,188.0,1068.0,305.0,716.0,2509.0,158.0,1157.0,206.0,409.0,513.0,400.0,156.0,887.0,1033.0,830.0,852.0,972.0,1841.0,298.0,1001.0,703.0,904.0,334.0,618.0,766.0,1466.0,725.0,497.0,709.0,1797.0,1407.0,1594.0,2168.0,544.0,304.0,164.0,806.0,706.0,159.0,563.0,1241.0,411.0,304.0,236.0,5695.0,634.0,497.0,656.0,152.0,1943.0,594.0,292.0,698.0,638.0,556.0,1584.0,1383.0,210.0,323.0,238.0,853.0,721.0,1825.0,234.0,230.0,571.0,1101.0,1383.0,294.0,506.0,557.0,1462.0,1721.0,162.0,1302.0,1221.0,837.0,441.0,692.0,416.0,257.0,165.0,150.0,465.0,260.0,190.0,198.0,444.0,1229.0,458.0,365.0,1071.0,568.0,2194.0,1058.0,933.0,896.0,2412.0,538.0,172.0,1514.0,1464.0,1091.0,1203.0,1477.0,964.0,201.0,204.0,198.0,877.0,475.0,150.0,1802.0,589.0,677.0,460.0,169.0,186.0,403.0,0.0,0.0,0.0,0.0,0.0,0.0,0.0,0.0,0.0,0.0,0.0,0.0,0.0,0.0,0.0,0.0,0.0,0.0,0.0,0.0,0.0,0.0,0.0,0.0,0.0,0.0,0.0,0.0,0.0,0.0,0.0,0.0,0.0,0.0,0.0,0.0,0.0,0.0,0.0,0.0,0.0,0.0,0.0,0.0,0.0,0.0,0.0,0.0,0.0,0.0,0.0,0.0,0.0,0.0,0.0,0.0,0.0,0.0,0.0,0.0,0.0,0.0,0.0,0.0,0.0,0.0,0.0,0.0,0.0,0.0,0.0,0.0,0.0,0.0,0.0,0.0,0.0,0.0,0.0,0.0,0.0,0.0,0.0,0.0,0.0,0.0,0.0,0.0,0.0,0.0,0.0,0.0,0.0,0.0,0.0,0.0,0.0,0.0,0.0,0.0,0.0,0.0,0.0,0.0,0.0,0.0,0.0,0.0,0.0,0.0,0.0,0.0,0.0,0.0,0.0,0.0,0.0,0.0,0.0,0.0,0.0,0.0,0.0,0.0,0.0,0.0,0.0,0.0,0.0,0.0,0.0,0.0,0.0,0.0,0.0,0.0,0.0,0.0,0.0,0.0,0.0,0.0,0.0,0.0,0.0,0.0,0.0,0.0,0.0,0.0,0.0,0.0,0.0,0.0,0.0,0.0,0.0,0.0,0.0,0.0,0.0,0.0,0.0,0.0,0.0,0.0,0.0,0.0,0.0,0.0,0.0,0.0,0.0,0.0,0.0,0.0,0.0,0.0,0.0,0.0,0.0,0.0,0.0,0.0,0.0,0.0,0.0,0.0,0.0,0.0,0.0,0.0,0.0,0.0,0.0,0.0,0.0,0.0,0.0,0.0,0.0,0.0,0.0,0.0,0.0,0.0,0.0,0.0,0.0,0.0,0.0,0.0,0.0,0.0,0.0,0.0,0.0,0.0,0.0,0.0,0.0,0.0,0.0,0.0,0.0,0.0,0.0,0.0,0.0,0.0,0.0,0.0,0.0,0.0,0.0,0.0,0.0,0.0,0.0,0.0,0.0,0.0,0.0,0.0,0.0,0.0,0.0,0.0,0.0,0.0,0.0,0.0,0.0,0.0,0.0,0.0,0.0,0.0,0.0,0.0,0.0,0.0,0.0,0.0,0.0,0.0,0.0,0.0,0.0,0.0,0.0,0.0,0.0,0.0
1265.0,231.0,190.0,1283.0,912.0,361.0,1139.0,196.0,384.0,1387.0,502.0,995.0,173.0,205.0,474.0,1262.0,859.0,219.0,1684.0,2713.0,352.0,1771.0,1374.0,163.0,1103.0,460.0,603.0,1416.0,759.0,1485.0,161.0,558.0,380.0,1361.0,169.0,1218.0,945.0,350.0,1614.0,1485.0,1485.0,724.0,488.0,1430.0,545.0,2417.0,901.0,1021.0,1310.0,562.0,1212.0,351.0,2345.0,194.0,182.0,899.0,360.0,2368.0,1128.0,781.0,1357.0,939.0,179.0,2893.0,183.0,569.0,1377.0,1442.0,834.0,1568.0,1532.0,502.0,1412.0,270.0,783.0,2803.0,651.0,2014.0,1479.0,611.0,1392.0,900.0,332.0,790.0,2344.0,224.0,1145.0,362.0,359.0,513.0,167.0,898.0,960.0,751.0,867.0,814.0,991.0,228.0,1519.0,860.0,401.0,956.0,549.0,716.0,1475.0,655.0,3450.0,436.0,1395.0,1591.0,740.0,2301.0,322.0,779.0,712.0,369.0,258.0,520.0,171.0,632.0,6641.0,698.0,497.0,172.0,1772.0,260.0,584.0,712.0,473.0,266.0,548.0,1444.0,1495.0,317.0,934.0,232.0,694.0,151.0,1695.0,1914.0,224.0,487.0,239.0,494.0,1286.0,604.0,1439.0,161.0,1081.0,1197.0,396.0,419.0,186.0,715.0,167.0,1933.0,426.0,227.0,376.0,456.0,235.0,504.0,956.0,164.0,1001.0,2052.0,2196.0,939.0,2295.0,468.0,1335.0,168.0,1451.0,1371.0,858.0,193.0,209.0,1093.0,168.0,823.0,488.0,584.0,1777.0,630.0,271.0,153.0,378.0,0.0,0.0,0.0,0.0,0.0,0.0,0.0,0.0,0.0,0.0,0.0,0.0,0.0,0.0,0.0,0.0,0.0,0.0,0.0,0.0,0.0,0.0,0.0,0.0,0.0,0.0,0.0,0.0,0.0,0.0,0.0,0.0,0.0,0.0,0.0,0.0,0.0,0.0,0.0,0.0,0.0,0.0,0.0,0.0,0.0,0.0,0.0,0.0,0.0,0.0,0.0,0.0,0.0,0.0,0.0,0.0,0.0,0.0,0.0,0.0,0.0,0.0,0.0,0.0,0.0,0.0,0.0,0.0,0.0,0.0,0.0,0.0,0.0,0.0,0.0,0.0,0.0,0.0,0.0,0.0,0.0,0.0,0.0,0.0,0.0,0.0,0.0,0.0,0.0,0.0,0.0,0.0,0.0,0.0,0.0,0.0,0.0,0.0,0.0,0.0,0.0,0.0,0.0,0.0,0.0,0.0,0.0,0.0,0.0,0.0,0.0,0.0,0.0,0.0,0.0,0.0,0.0,0.0,0.0,0.0,0.0,0.0,0.0,0.0,0.0,0.0,0.0,0.0,0.0,0.0,0.0,0.0,0.0,0.0,0.0,0.0,0.0,0.0,0.0,0.0,0.0,0.0,0.0,0.0,0.0,0.0,0.0,0.0,0.0,0.0,0.0,0.0,0.0,0.0,0.0,0.0,0.0,0.0,0.0,0.0,0.0,0.0,0.0,0.0,0.0,0.0,0.0,0.0,0.0,0.0,0.0,0.0,0.0,0.0,0.0,0.0,0.0,0.0,0.0,0.0,0.0,0.0,0.0,0.0,0.0,0.0,0.0,0.0,0.0,0.0,0.0,0.0,0.0,0.0,0.0,0.0,0.0,0.0,0.0,0.0,0.0,0.0,0.0,0.0,0.0,0.0,0.0,0.0,0.0,0.0,0.0,0.0,0.0,0.0,0.0,0.0,0.0,0.0,0.0,0.0,0.0,0.0,0.0,0.0,0.0,0.0,0.0,0.0,0.0,0.0,0.0,0.0,0.0,0.0,0.0,0.0,0.0,0.0,0.0,0.0,0.0,0.0,0.0,0.0,0.0,0.0,0.0,0.0,0.0,0.0,0.0,0.0,0.0,0.0,0.0,0.0,0.0,0.0,0.0,0.0,0.0,0.0,0.0,0.0,0.0,0.0,0.0,0.0,0.0,0.0,0.0,0.0,0.0,0.0,0.0,0.0,0.0,0.0,0.0,0.0,0.0,0.0,0.0,0.0,0.0,0.0,0.0,0.0,0.0,0.0,0.0,0.0
1287.0,293.0,1339.0,403.0,226.0,1140.0,1042.0,1575.0,534.0,1003.0,215.0,193.0,1319.0,476.0,211.0,1808.0,711.0,1672.0,1459.0,170.0,1830.0,1313.0,1239.0,444.0,633.0,1497.0,787.0,1583.0,190.0,594.0,430.0,1272.0,190.0,340.0,935.0,1312.0,1799.0,1440.0,1507.0,555.0,2331.0,791.0,610.0,1136.0,2443.0,178.0,151.0,1427.0,887.0,1460.0,626.0,2356.0,331.0,361.0,2634.0,817.0,155.0,1464.0,160.0,215.0,984.0,3019.0,1572.0,607.0,204.0,1436.0,880.0,898.0,1564.0,1694.0,524.0,1435.0,252.0,2439.0,781.0,699.0,2031.0,1476.0,1469.0,569.0,213.0,1005.0,346.0,831.0,2237.0,231.0,1210.0,386.0,485.0,381.0,174.0,897.0,999.0,819.0,1014.0,902.0,1792.0,894.0,153.0,898.0,670.0,430.0,1876.0,756.0,1708.0,1449.0,469.0,744.0,1626.0,709.0,586.0,2275.0,328.0,828.0,1154.0,1391.0,381.0,568.0,286.0,293.0,6867.0,613.0,509.0,181.0,1849.0,639.0,267.0,153.0,678.0,666.0,1638.0,621.0,1607.0,985.0,364.0,704.0,1660.0,230.0,2056.0,534.0,1418.0,239.0,595.0,450.0,1593.0,166.0,1179.0,1322.0,2234.0,415.0,405.0,259.0,792.0,492.0,166.0,184.0,446.0,407.0,161.0,549.0,331.0,1053.0,937.0,2118.0,2410.0,815.0,992.0,1546.0,526.0,159.0,1694.0,1398.0,1287.0,846.0,202.0,1016.0,178.0,192.0,500.0,786.0,651.0,1699.0,675.0,363.0,229.0,153.0,429.0,0.0,0.0,0.0,0.0,0.0,0.0,0.0,0.0,0.0,0.0,0.0,0.0,0.0,0.0,0.0,0.0,0.0,0.0,0.0,0.0,0.0,0.0,0.0,0.0,0.0,0.0,0.0,0.0,0.0,0.0,0.0,0.0,0.0,0.0,0.0,0.0,0.0,0.0,0.0,0.0,0.0,0.0,0.0,0.0,0.0,0.0,0.0,0.0,0.0,0.0,0.0,0.0,0.0,0.0,0.0,0.0,0.0,0.0,0.0,0.0,0.0,0.0,0.0,0.0,0.0,0.0,0.0,0.0,0.0,0.0,0.0,0.0,0.0,0.0,0.0,0.0,0.0,0.0,0.0,0.0,0.0,0.0,0.0,0.0,0.0,0.0,0.0,0.0,0.0,0.0,0.0,0.0,0.0,0.0,0.0,0.0,0.0,0.0,0.0,0.0,0.0,0.0,0.0,0.0,0.0,0.0,0.0,0.0,0.0,0.0,0.0,0.0,0.0,0.0,0.0,0.0,0.0,0.0,0.0,0.0,0.0,0.0,0.0,0.0,0.0,0.0,0.0,0.0,0.0,0.0,0.0,0.0,0.0,0.0,0.0,0.0,0.0,0.0,0.0,0.0,0.0,0.0,0.0,0.0,0.0,0.0,0.0,0.0,0.0,0.0,0.0,0.0,0.0,0.0,0.0,0.0,0.0,0.0,0.0,0.0,0.0,0.0,0.0,0.0,0.0,0.0,0.0,0.0,0.0,0.0,0.0,0.0,0.0,0.0,0.0,0.0,0.0,0.0,0.0,0.0,0.0,0.0,0.0,0.0,0.0,0.0,0.0,0.0,0.0,0.0,0.0,0.0,0.0,0.0,0.0,0.0,0.0,0.0,0.0,0.0,0.0,0.0,0.0,0.0,0.0,0.0,0.0,0.0,0.0,0.0,0.0,0.0,0.0,0.0,0.0,0.0,0.0,0.0,0.0,0.0,0.0,0.0,0.0,0.0,0.0,0.0,0.0,0.0,0.0,0.0,0.0,0.0,0.0,0.0,0.0,0.0,0.0,0.0,0.0,0.0,0.0,0.0,0.0,0.0,0.0,0.0,0.0,0.0,0.0,0.0,0.0,0.0,0.0,0.0,0.0,0.0,0.0,0.0,0.0,0.0,0.0,0.0,0.0,0.0,0.0,0.0,0.0,0.0,0.0,0.0,0.0,0.0,0.0,0.0,0.0,0.0,0.0,0.0,0.0,0.0,0.0,0.0,0.0,0.0,0.0,0.0,0.0,0.0,0.0,0.0,0.0,0.0
1209.0,225.0,1376.0,972.0,403.0,305.0,1307.0,175.0,1593.0,549.0,1002.0,202.0,183.0,1120.0,522.0,175.0,714.0,401.0,1536.0,1245.0,386.0,1341.0,1219.0,1195.0,415.0,1694.0,646.0,1414.0,1598.0,792.0,177.0,438.0,608.0,1213.0,329.0,953.0,1699.0,1406.0,1258.0,1571.0,547.0,2283.0,1124.0,2968.0,763.0,1287.0,843.0,1414.0,600.0,321.0,2137.0,157.0,331.0,169.0,2475.0,1313.0,722.0,158.0,1018.0,3141.0,190.0,1505.0,566.0,1350.0,968.0,828.0,1479.0,1508.0,523.0,1431.0,252.0,2462.0,808.0,679.0,153.0,2001.0,1475.0,167.0,1407.0,579.0,214.0,468.0,933.0,838.0,2173.0,234.0,1179.0,488.0,167.0,389.0,907.0,369.0,963.0,806.0,832.0,970.0,955.0,244.0,164.0,903.0,1376.0,348.0,851.0,1846.0,791.0,1370.0,1585.0,469.0,632.0,1681.0,686.0,330.0,2083.0,576.0,816.0,1223.0,778.0,407.0,1322.0,573.0,304.0,291.0,6859.0,525.0,176.0,1795.0,774.0,243.0,627.0,666.0,1565.0,640.0,1721.0,952.0,368.0,717.0,1709.0,234.0,2208.0,1736.0,529.0,312.0,598.0,428.0,1397.0,172.0,1215.0,1330.0,422.0,382.0,505.0,165.0,729.0,2420.0,200.0,422.0,607.0,338.0,937.0,955.0,157.0,2328.0,2077.0,1066.0,800.0,1494.0,510.0,1547.0,157.0,1445.0,1542.0,959.0,983.0,209.0,172.0,188.0,492.0,963.0,641.0,576.0,1243.0,156.0,384.0,0.0,0.0,0.0,0.0,0.0,0.0,0.0,0.0,0.0,0.0,0.0,0.0,0.0,0.0,0.0,0.0,0.0,0.0,0.0,0.0,0.0,0.0,0.0,0.0,0.0,0.0,0.0,0.0,0.0,0.0,0.0,0.0,0.0,0.0,0.0,0.0,0.0,0.0,0.0,0.0,0.0,0.0,0.0,0.0,0.0,0.0,0.0,0.0,0.0,0.0,0.0,0.0,0.0,0.0,0.0,0.0,0.0,0.0,0.0,0.0,0.0,0.0,0.0,0.0,0.0,0.0,0.0,0.0,0.0,0.0,0.0,0.0,0.0,0.0,0.0,0.0,0.0,0.0,0.0,0.0,0.0,0.0,0.0,0.0,0.0,0.0,0.0,0.0,0.0,0.0,0.0,0.0,0.0,0.0,0.0,0.0,0.0,0.0,0.0,0.0,0.0,0.0,0.0,0.0,0.0,0.0,0.0,0.0,0.0,0.0,0.0,0.0,0.0,0.0,0.0,0.0,0.0,0.0,0.0,0.0,0.0,0.0,0.0,0.0,0.0,0.0,0.0,0.0,0.0,0.0,0.0,0.0,0.0,0.0,0.0,0.0,0.0,0.0,0.0,0.0,0.0,0.0,0.0,0.0,0.0,0.0,0.0,0.0,0.0,0.0,0.0,0.0,0.0,0.0,0.0,0.0,0.0,0.0,0.0,0.0,0.0,0.0,0.0,0.0,0.0,0.0,0.0,0.0,0.0,0.0,0.0,0.0,0.0,0.0,0.0,0.0,0.0,0.0,0.0,0.0,0.0,0.0,0.0,0.0,0.0,0.0,0.0,0.0,0.0,0.0,0.0,0.0,0.0,0.0,0.0,0.0,0.0,0.0,0.0,0.0,0.0,0.0,0.0,0.0,0.0,0.0,0.0,0.0,0.0,0.0,0.0,0.0,0.0,0.0,0.0,0.0,0.0,0.0,0.0,0.0,0.0,0.0,0.0,0.0,0.0,0.0,0.0,0.0,0.0,0.0,0.0,0.0,0.0,0.0,0.0,0.0,0.0,0.0,0.0,0.0,0.0,0.0,0.0,0.0,0.0,0.0,0.0,0.0,0.0,0.0,0.0,0.0,0.0,0.0,0.0,0.0,0.0,0.0,0.0,0.0,0.0,0.0,0.0,0.0,0.0,0.0,0.0,0.0,0.0,0.0,0.0,0.0,0.0,0.0,0.0,0.0,0.0,0.0,0.0,0.0,0.0,0.0,0.0,0.0,0.0,0.0,0.0,0.0,0.0,0.0,0.0,0.0,0.0,0.0,0.0,0.0
1334.0,256.0,1290.0,981.0,215.0,1368.0,164.0,389.0,1498.0,500.0,1047.0,223.0,182.0,1082.0,1867.0,669.0,837.0,363.0,1471.0,1251.0,203.0,1246.0,1228.0,628.0,1587.0,1303.0,785.0,1551.0,160.0,625.0,412.0,1153.0,330.0,1732.0,947.0,962.0,1444.0,1535.0,192.0,525.0,1323.0,1038.0,2058.0,813.0,946.0,731.0,1267.0,637.0,1482.0,331.0,2086.0,833.0,345.0,2410.0,1374.0,731.0,153.0,157.0,881.0,1506.0,180.0,540.0,2867.0,1382.0,926.0,836.0,1596.0,1498.0,1400.0,246.0,361.0,746.0,647.0,161.0,1867.0,2322.0,160.0,1484.0,1393.0,590.0,200.0,876.0,338.0,659.0,2132.0,242.0,422.0,179.0,1148.0,475.0,884.0,354.0,952.0,793.0,851.0,901.0,251.0,805.0,157.0,1409.0,845.0,327.0,809.0,1836.0,768.0,1383.0,1489.0,673.0,451.0,1663.0,670.0,2117.0,302.0,627.0,750.0,1212.0,397.0,765.0,1375.0,276.0,532.0,290.0,6763.0,543.0,185.0,1962.0,239.0,720.0,602.0,537.0,1610.0,1534.0,580.0,1482.0,412.0,703.0,311.0,1899.0,235.0,221.0,284.0,679.0,1272.0,435.0,1966.0,1393.0,174.0,1242.0,1341.0,458.0,436.0,553.0,175.0,739.0,1897.0,205.0,432.0,491.0,568.0,335.0,997.0,168.0,1029.0,1056.0,2073.0,839.0,1515.0,2425.0,500.0,175.0,1587.0,1340.0,1657.0,976.0,222.0,1019.0,183.0,212.0,534.0,771.0,159.0,656.0,661.0,1184.0,168.0,167.0,445.0,247.0,0.0,0.0,0.0,0.0,0.0,0.0,0.0,0.0,0.0,0.0,0.0,0.0,0.0,0.0,0.0,0.0,0.0,0.0,0.0,0.0,0.0,0.0,0.0,0.0,0.0,0.0,0.0,0.0,0.0,0.0,0.0,0.0,0.0,0.0,0.0,0.0,0.0,0.0,0.0,0.0,0.0,0.0,0.0,0.0,0.0,0.0,0.0,0.0,0.0,0.0,0.0,0.0,0.0,0.0,0.0,0.0,0.0,0.0,0.0,0.0,0.0,0.0,0.0,0.0,0.0,0.0,0.0,0.0,0.0,0.0,0.0,0.0,0.0,0.0,0.0,0.0,0.0,0.0,0.0,0.0,0.0,0.0,0.0,0.0,0.0,0.0,0.0,0.0,0.0,0.0,0.0,0.0,0.0,0.0,0.0,0.0,0.0,0.0,0.0,0.0,0.0,0.0,0.0,0.0,0.0,0.0,0.0,0.0,0.0,0.0,0.0,0.0,0.0,0.0,0.0,0.0,0.0,0.0,0.0,0.0,0.0,0.0,0.0,0.0,0.0,0.0,0.0,0.0,0.0,0.0,0.0,0.0,0.0,0.0,0.0,0.0,0.0,0.0,0.0,0.0,0.0,0.0,0.0,0.0,0.0,0.0,0.0,0.0,0.0,0.0,0.0,0.0,0.0,0.0,0.0,0.0,0.0,0.0,0.0,0.0,0.0,0.0,0.0,0.0,0.0,0.0,0.0,0.0,0.0,0.0,0.0,0.0,0.0,0.0,0.0,0.0,0.0,0.0,0.0,0.0,0.0,0.0,0.0,0.0,0.0,0.0,0.0,0.0,0.0,0.0,0.0,0.0,0.0,0.0,0.0,0.0,0.0,0.0,0.0,0.0,0.0,0.0,0.0,0.0,0.0,0.0,0.0,0.0,0.0,0.0,0.0,0.0,0.0,0.0,0.0,0.0,0.0,0.0,0.0,0.0,0.0,0.0,0.0,0.0,0.0,0.0,0.0,0.0,0.0,0.0,0.0,0.0,0.0,0.0,0.0,0.0,0.0,0.0,0.0,0.0,0.0,0.0,0.0,0.0,0.0,0.0,0.0,0.0,0.0,0.0,0.0,0.0,0.0,0.0,0.0,0.0,0.0,0.0,0.0,0.0,0.0,0.0,0.0,0.0,0.0,0.0,0.0,0.0,0.0,0.0,0.0,0.0,0.0,0.0,0.0,0.0,0.0,0.0,0.0,0.0,0.0,0.0,0.0,0.0,0.0,0.0,0.0,0.0,0.0,0.0,0.0
1309.0,279.0,1293.0,284.0,1235.0,183.0,979.0,397.0,1564.0,535.0,1076.0,219.0,165.0,1175.0,1809.0,229.0,301.0,747.0,1475.0,352.0,1218.0,1057.0,1183.0,455.0,643.0,1583.0,1363.0,805.0,1619.0,441.0,159.0,660.0,1189.0,1637.0,981.0,318.0,1262.0,1537.0,1514.0,555.0,2032.0,590.0,1052.0,917.0,730.0,2159.0,1283.0,1375.0,609.0,241.0,316.0,2046.0,177.0,162.0,349.0,2319.0,169.0,825.0,1309.0,157.0,888.0,1075.0,1494.0,184.0,542.0,1424.0,885.0,806.0,1500.0,1536.0,1478.0,253.0,381.0,189.0,654.0,750.0,1802.0,153.0,1843.0,2322.0,1447.0,751.0,1445.0,199.0,801.0,348.0,795.0,2201.0,221.0,439.0,1108.0,177.0,486.0,886.0,405.0,976.0,818.0,853.0,985.0,1651.0,846.0,193.0,335.0,790.0,798.0,792.0,1732.0,1368.0,1537.0,685.0,446.0,1672.0,660.0,2067.0,664.0,304.0,761.0,1190.0,387.0,1389.0,767.0,535.0,230.0,282.0,6679.0,535.0,192.0,1899.0,269.0,627.0,705.0,926.0,1567.0,529.0,279.0,1490.0,897.0,379.0,666.0,248.0,1760.0,530.0,272.0,1249.0,601.0,426.0,1957.0,1302.0,164.0,1160.0,1368.0,427.0,414.0,516.0,164.0,752.0,1841.0,172.0,231.0,417.0,578.0,555.0,321.0,1040.0,929.0,973.0,158.0,836.0,1969.0,1492.0,2327.0,456.0,177.0,1557.0,1300.0,1410.0,941.0,947.0,206.0,171.0,191.0,513.0,727.0,175.0,598.0,659.0,340.0,156.0,1026.0,182.0,371.0,0.0,0.0,0.0,0.0,0.0,0.0,0.0,0.0,0.0,0.0,0.0,0.0,0.0,0.0,0.0,0.0,0.0,0.0,0.0,0.0,0.0,0.0,0.0,0.0,0.0,0.0,0.0,0.0,0.0,0.0,0.0,0.0,0.0,0.0,0.0,0.0,0.0,0.0,0.0,0.0,0.0,0.0,0.0,0.0,0.0,0.0,0.0,0.0,0.0,0.0,0.0,0.0,0.0,0.0,0.0,0.0,0.0,0.0,0.0,0.0,0.0,0.0,0.0,0.0,0.0,0.0,0.0,0.0,0.0,0.0,0.0,0.0,0.0,0.0,0.0,0.0,0.0,0.0,0.0,0.0,0.0,0.0,0.0,0.0,0.0,0.0,0.0,0.0,0.0,0.0,0.0,0.0,0.0,0.0,0.0,0.0,0.0,0.0,0.0,0.0,0.0,0.0,0.0,0.0,0.0,0.0,0.0,0.0,0.0,0.0,0.0,0.0,0.0,0.0,0.0,0.0,0.0,0.0,0.0,0.0,0.0,0.0,0.0,0.0,0.0,0.0,0.0,0.0,0.0,0.0,0.0,0.0,0.0,0.0,0.0,0.0,0.0,0.0,0.0,0.0,0.0,0.0,0.0,0.0,0.0,0.0,0.0,0.0,0.0,0.0,0.0,0.0,0.0,0.0,0.0,0.0,0.0,0.0,0.0,0.0,0.0,0.0,0.0,0.0,0.0,0.0,0.0,0.0,0.0,0.0,0.0,0.0,0.0,0.0,0.0,0.0,0.0,0.0,0.0,0.0,0.0,0.0,0.0,0.0,0.0,0.0,0.0,0.0,0.0,0.0,0.0,0.0,0.0,0.0,0.0,0.0,0.0,0.0,0.0,0.0,0.0,0.0,0.0,0.0,0.0,0.0,0.0,0.0,0.0,0.0,0.0,0.0,0.0,0.0,0.0,0.0,0.0,0.0,0.0,0.0,0.0,0.0,0.0,0.0,0.0,0.0,0.0,0.0,0.0,0.0,0.0,0.0,0.0,0.0,0.0,0.0,0.0,0.0,0.0,0.0,0.0,0.0,0.0,0.0,0.0,0.0,0.0,0.0,0.0,0.0,0.0,0.0,0.0,0.0,0.0,0.0,0.0,0.0,0.0,0.0,0.0,0.0,0.0,0.0,0.0,0.0,0.0,0.0,0.0,0.0,0.0,0.0,0.0,0.0,0.0,0.0,0.0,0.0,0.0,0.0,0.0,0.0,0.0,0.0,0.0,0.0,0.0,0.0
1327.0,290.0,1330.0,440.0,298.0,1208.0,188.0,908.0,1663.0,561.0,225.0,1177.0,201.0,1303.0,568.0,386.0,194.0,2174.0,1454.0,1151.0,1534.0,1195.0,1214.0,480.0,648.0,1592.0,801.0,1560.0,694.0,160.0,410.0,1200.0,339.0,943.0,1648.0,1336.0,1522.0,1530.0,601.0,1498.0,897.0,743.0,1055.0,877.0,2203.0,1428.0,1502.0,621.0,345.0,1894.0,184.0,798.0,340.0,3129.0,178.0,1392.0,808.0,150.0,830.0,1549.0,3029.0,191.0,571.0,1385.0,782.0,1539.0,1624.0,255.0,1394.0,385.0,630.0,203.0,773.0,177.0,156.0,1878.0,2164.0,1520.0,183.0,814.0,1420.0,201.0,763.0,460.0,809.0,2129.0,244.0,1144.0,439.0,180.0,495.0,889.0,453.0,973.0,848.0,834.0,996.0,914.0,1631.0,861.0,172.0,829.0,334.0,1720.0,764.0,1414.0,1508.0,409.0,778.0,1633.0,655.0,684.0,2206.0,317.0,760.0,1371.0,401.0,1456.0,833.0,522.0,307.0,6659.0,541.0,1878.0,158.0,177.0,272.0,646.0,602.0,721.0,1583.0,557.0,1473.0,1495.0,383.0,267.0,623.0,230.0,275.0,1844.0,256.0,1281.0,578.0,439.0,1883.0,1326.0,165.0,1136.0,1361.0,427.0,406.0,544.0,160.0,777.0,1972.0,168.0,264.0,438.0,493.0,539.0,309.0,1026.0,170.0,970.0,985.0,1941.0,2427.0,2304.0,504.0,1563.0,158.0,1353.0,1791.0,887.0,967.0,229.0,166.0,552.0,783.0,185.0,600.0,639.0,293.0,826.0,175.0,352.0,0.0,0.0,0.0,0.0,0.0,0.0,0.0,0.0,0.0,0.0,0.0,0.0,0.0,0.0,0.0,0.0,0.0,0.0,0.0,0.0,0.0,0.0,0.0,0.0,0.0,0.0,0.0,0.0,0.0,0.0,0.0,0.0,0.0,0.0,0.0,0.0,0.0,0.0,0.0,0.0,0.0,0.0,0.0,0.0,0.0,0.0,0.0,0.0,0.0,0.0,0.0,0.0,0.0,0.0,0.0,0.0,0.0,0.0,0.0,0.0,0.0,0.0,0.0,0.0,0.0,0.0,0.0,0.0,0.0,0.0,0.0,0.0,0.0,0.0,0.0,0.0,0.0,0.0,0.0,0.0,0.0,0.0,0.0,0.0,0.0,0.0,0.0,0.0,0.0,0.0,0.0,0.0,0.0,0.0,0.0,0.0,0.0,0.0,0.0,0.0,0.0,0.0,0.0,0.0,0.0,0.0,0.0,0.0,0.0,0.0,0.0,0.0,0.0,0.0,0.0,0.0,0.0,0.0,0.0,0.0,0.0,0.0,0.0,0.0,0.0,0.0,0.0,0.0,0.0,0.0,0.0,0.0,0.0,0.0,0.0,0.0,0.0,0.0,0.0,0.0,0.0,0.0,0.0,0.0,0.0,0.0,0.0,0.0,0.0,0.0,0.0,0.0,0.0,0.0,0.0,0.0,0.0,0.0,0.0,0.0,0.0,0.0,0.0,0.0,0.0,0.0,0.0,0.0,0.0,0.0,0.0,0.0,0.0,0.0,0.0,0.0,0.0,0.0,0.0,0.0,0.0,0.0,0.0,0.0,0.0,0.0,0.0,0.0,0.0,0.0,0.0,0.0,0.0,0.0,0.0,0.0,0.0,0.0,0.0,0.0,0.0,0.0,0.0,0.0,0.0,0.0,0.0,0.0,0.0,0.0,0.0,0.0,0.0,0.0,0.0,0.0,0.0,0.0,0.0,0.0,0.0,0.0,0.0,0.0,0.0,0.0,0.0,0.0,0.0,0.0,0.0,0.0,0.0,0.0,0.0,0.0,0.0,0.0,0.0,0.0,0.0,0.0,0.0,0.0,0.0,0.0,0.0,0.0,0.0,0.0,0.0,0.0,0.0,0.0,0.0,0.0,0.0,0.0,0.0,0.0,0.0,0.0,0.0,0.0,0.0,0.0,0.0,0.0,0.0,0.0,0.0,0.0,0.0,0.0,0.0,0.0,0.0,0.0,0.0,0.0,0.0,0.0,0.0,0.0,0.0,0.0,0.0,0.0,0.0,0.0,0.0,0.0,0.0
1361.0,224.0,1265.0,888.0,179.0,1014.0,1691.0,391.0,548.0,215.0,1116.0,192.0,1333.0,568.0,527.0,866.0,1526.0,951.0,221.0,1634.0,1156.0,1206.0,636.0,1424.0,1627.0,770.0,641.0,1563.0,418.0,157.0,1161.0,905.0,323.0,1228.0,1608.0,1584.0,1504.0,573.0,1196.0,875.0,770.0,1045.0,2098.0,1372.0,174.0,634.0,1463.0,837.0,350.0,2038.0,180.0,843.0,362.0,838.0,150.0,2919.0,1396.0,154.0,3037.0,1612.0,776.0,171.0,564.0,1383.0,796.0,1480.0,1723.0,255.0,384.0,610.0,1405.0,798.0,274.0,157.0,2195.0,1446.0,1830.0,867.0,1448.0,187.0,758.0,380.0,782.0,2165.0,234.0,491.0,1130.0,188.0,514.0,881.0,402.0,985.0,818.0,987.0,803.0,764.0,271.0,839.0,860.0,1349.0,319.0,776.0,1438.0,1348.0,414.0,676.0,1616.0,1695.0,661.0,2049.0,485.0,345.0,804.0,1427.0,402.0,1477.0,830.0,524.0,317.0,6617.0,527.0,157.0,159.0,1746.0,267.0,614.0,694.0,564.0,1504.0,1548.0,543.0,973.0,378.0,658.0,210.0,241.0,227.0,553.0,1835.0,1245.0,257.0,592.0,441.0,2035.0,1348.0,152.0,1091.0,1359.0,428.0,391.0,539.0,164.0,1909.0,785.0,171.0,360.0,441.0,471.0,523.0,306.0,994.0,157.0,1028.0,2311.0,985.0,2425.0,1900.0,486.0,191.0,171.0,1299.0,1274.0,1469.0,874.0,959.0,223.0,168.0,527.0,169.0,914.0,495.0,613.0,655.0,905.0,431.0,0.0,0.0,0.0,0.0,0.0,0.0,0.0,0.0,0.0,0.0,0.0,0.0,0.0,0.0,0.0,0.0,0.0,0.0,0.0,0.0,0.0,0.0,0.0,0.0,0.0,0.0,0.0,0.0,0.0,0.0,0.0,0.0,0.0,0.0,0.0,0.0,0.0,0.0,0.0,0.0,0.0,0.0,0.0,0.0,0.0,0.0,0.0,0.0,0.0,0.0,0.0,0.0,0.0,0.0,0.0,0.0,0.0,0.0,0.0,0.0,0.0,0.0,0.0,0.0,0.0,0.0,0.0,0.0,0.0,0.0,0.0,0.0,0.0,0.0,0.0,0.0,0.0,0.0,0.0,0.0,0.0,0.0,0.0,0.0,0.0,0.0,0.0,0.0,0.0,0.0,0.0,0.0,0.0,0.0,0.0,0.0,0.0,0.0,0.0,0.0,0.0,0.0,0.0,0.0,0.0,0.0,0.0,0.0,0.0,0.0,0.0,0.0,0.0,0.0,0.0,0.0,0.0,0.0,0.0,0.0,0.0,0.0,0.0,0.0,0.0,0.0,0.0,0.0,0.0,0.0,0.0,0.0,0.0,0.0,0.0,0.0,0.0,0.0,0.0,0.0,0.0,0.0,0.0,0.0,0.0,0.0,0.0,0.0,0.0,0.0,0.0,0.0,0.0,0.0,0.0,0.0,0.0,0.0,0.0,0.0,0.0,0.0,0.0,0.0,0.0,0.0,0.0,0.0,0.0,0.0,0.0,0.0,0.0,0.0,0.0,0.0,0.0,0.0,0.0,0.0,0.0,0.0,0.0,0.0,0.0,0.0,0.0,0.0,0.0,0.0,0.0,0.0,0.0,0.0,0.0,0.0,0.0,0.0,0.0,0.0,0.0,0.0,0.0,0.0,0.0,0.0,0.0,0.0,0.0,0.0,0.0,0.0,0.0,0.0,0.0,0.0,0.0,0.0,0.0,0.0,0.0,0.0,0.0,0.0,0.0,0.0,0.0,0.0,0.0,0.0,0.0,0.0,0.0,0.0,0.0,0.0,0.0,0.0,0.0,0.0,0.0,0.0,0.0,0.0,0.0,0.0,0.0,0.0,0.0,0.0,0.0,0.0,0.0,0.0,0.0,0.0,0.0,0.0,0.0,0.0,0.0,0.0,0.0,0.0,0.0,0.0,0.0,0.0,0.0,0.0,0.0,0.0,0.0,0.0,0.0,0.0,0.0,0.0,0.0,0.0,0.0,0.0,0.0,0.0,0.0,0.0,0.0,0.0,0.0,0.0,0.0,0.0,0.0,0.0
1324.0,1680.0,166.0,1217.0,943.0,433.0,899.0,572.0,1074.0,209.0,163.0,1327.0,1842.0,361.0,569.0,855.0,1514.0,1230.0,976.0,396.0,1188.0,613.0,1641.0,1356.0,159.0,815.0,430.0,683.0,1577.0,158.0,1151.0,356.0,1012.0,976.0,1614.0,1541.0,1469.0,587.0,175.0,2258.0,850.0,789.0,2116.0,1039.0,158.0,2157.0,1362.0,838.0,659.0,359.0,1430.0,352.0,800.0,151.0,2989.0,222.0,1428.0,157.0,872.0,2087.0,1523.0,550.0,1350.0,796.0,1412.0,152.0,1665.0,196.0,368.0,1423.0,611.0,850.0,186.0,150.0,2149.0,1549.0,1832.0,786.0,1486.0,763.0,193.0,356.0,802.0,973.0,2002.0,232.0,461.0,1161.0,500.0,177.0,889.0,429.0,774.0,870.0,969.0,807.0,884.0,268.0,833.0,969.0,1384.0,310.0,1689.0,781.0,1448.0,1442.0,818.0,425.0,661.0,1683.0,588.0,2059.0,327.0,841.0,1462.0,401.0,1473.0,851.0,516.0,304.0,160.0,6868.0,529.0,165.0,1934.0,270.0,735.0,605.0,621.0,1615.0,582.0,1482.0,1520.0,381.0,660.0,209.0,220.0,229.0,1795.0,1399.0,254.0,470.0,635.0,1970.0,1392.0,1328.0,1058.0,441.0,404.0,545.0,163.0,825.0,1732.0,292.0,501.0,440.0,508.0,298.0,998.0,1042.0,154.0,1027.0,2376.0,2447.0,1901.0,493.0,162.0,155.0,1344.0,1502.0,1264.0,886.0,976.0,213.0,173.0,511.0,170.0,894.0,520.0,615.0,677.0,982.0,486.0,0.0,0.0,0.0,0.0,0.0,0.0,0.0,0.0,0.0,0.0,0.0,0.0,0.0,0.0,0.0,0.0,0.0,0.0,0.0,0.0,0.0,0.0,0.0,0.0,0.0,0.0,0.0,0.0,0.0,0.0,0.0,0.0,0.0,0.0,0.0,0.0,0.0,0.0,0.0,0.0,0.0,0.0,0.0,0.0,0.0,0.0,0.0,0.0,0.0,0.0,0.0,0.0,0.0,0.0,0.0,0.0,0.0,0.0,0.0,0.0,0.0,0.0,0.0,0.0,0.0,0.0,0.0,0.0,0.0,0.0,0.0,0.0,0.0,0.0,0.0,0.0,0.0,0.0,0.0,0.0,0.0,0.0,0.0,0.0,0.0,0.0,0.0,0.0,0.0,0.0,0.0,0.0,0.0,0.0,0.0,0.0,0.0,0.0,0.0,0.0,0.0,0.0,0.0,0.0,0.0,0.0,0.0,0.0,0.0,0.0,0.0,0.0,0.0,0.0,0.0,0.0,0.0,0.0,0.0,0.0,0.0,0.0,0.0,0.0,0.0,0.0,0.0,0.0,0.0,0.0,0.0,0.0,0.0,0.0,0.0,0.0,0.0,0.0,0.0,0.0,0.0,0.0,0.0,0.0,0.0,0.0,0.0,0.0,0.0,0.0,0.0,0.0,0.0,0.0,0.0,0.0,0.0,0.0,0.0,0.0,0.0,0.0,0.0,0.0,0.0,0.0,0.0,0.0,0.0,0.0,0.0,0.0,0.0,0.0,0.0,0.0,0.0,0.0,0.0,0.0,0.0,0.0,0.0,0.0,0.0,0.0,0.0,0.0,0.0,0.0,0.0,0.0,0.0,0.0,0.0,0.0,0.0,0.0,0.0,0.0,0.0,0.0,0.0,0.0,0.0,0.0,0.0,0.0,0.0,0.0,0.0,0.0,0.0,0.0,0.0,0.0,0.0,0.0,0.0,0.0,0.0,0.0,0.0,0.0,0.0,0.0,0.0,0.0,0.0,0.0,0.0,0.0,0.0,0.0,0.0,0.0,0.0,0.0,0.0,0.0,0.0,0.0,0.0,0.0,0.0,0.0,0.0,0.0,0.0,0.0,0.0,0.0,0.0,0.0,0.0,0.0,0.0,0.0,0.0,0.0,0.0,0.0,0.0,0.0,0.0,0.0,0.0,0.0,0.0,0.0,0.0,0.0,0.0,0.0,0.0,0.0,0.0,0.0,0.0,0.0,0.0,0.0,0.0,0.0,0.0,0.0,0.0,0.0,0.0,0.0,0.0,0.0,0.0,0.0,0.0,0.0
1283.0,1204.0,968.0,461.0,828.0,1650.0,587.0,210.0,1183.0,172.0,1364.0,1828.0,888.0,378.0,557.0,1513.0,1251.0,1291.0,367.0,1053.0,687.0,1409.0,1614.0,150.0,815.0,686.0,1603.0,423.0,150.0,1159.0,166.0,1037.0,342.0,979.0,1807.0,1532.0,1545.0,626.0,190.0,193.0,1345.0,876.0,789.0,997.0,932.0,2108.0,1396.0,737.0,389.0,1392.0,2000.0,253.0,932.0,351.0,839.0,2788.0,174.0,1422.0,161.0,913.0,3067.0,1632.0,182.0,547.0,1321.0,1476.0,1640.0,774.0,1690.0,167.0,378.0,643.0,878.0,184.0,2153.0,1641.0,1829.0,166.0,1466.0,809.0,821.0,193.0,350.0,804.0,2049.0,249.0,486.0,497.0,1239.0,172.0,876.0,1130.0,788.0,811.0,998.0,880.0,288.0,884.0,909.0,1433.0,318.0,1694.0,812.0,1455.0,1447.0,485.0,814.0,681.0,1621.0,1998.0,316.0,373.0,863.0,1488.0,1554.0,397.0,899.0,290.0,515.0,308.0,6965.0,512.0,161.0,1922.0,639.0,285.0,805.0,672.0,1557.0,571.0,1563.0,1505.0,371.0,646.0,213.0,232.0,225.0,1840.0,1416.0,257.0,434.0,595.0,2103.0,1448.0,1389.0,1054.0,423.0,394.0,548.0,161.0,852.0,1788.0,289.0,499.0,448.0,248.0,521.0,1008.0,159.0,1016.0,1012.0,2349.0,2439.0,1888.0,470.0,158.0,191.0,1250.0,1643.0,929.0,1240.0,959.0,213.0,169.0,512.0,162.0,730.0,675.0,272.0,724.0,281.0,996.0,166.0,522.0,0.0,0.0,0.0,0.0,0.0,0.0,0.0,0.0,0.0,0.0,0.0,0.0,0.0,0.0,0.0,0.0,0.0,0.0,0.0,0.0,0.0,0.0,0.0,0.0,0.0,0.0,0.0,0.0,0.0,0.0,0.0,0.0,0.0,0.0,0.0,0.0,0.0,0.0,0.0,0.0,0.0,0.0,0.0,0.0,0.0,0.0,0.0,0.0,0.0,0.0,0.0,0.0,0.0,0.0,0.0,0.0,0.0,0.0,0.0,0.0,0.0,0.0,0.0,0.0,0.0,0.0,0.0,0.0,0.0,0.0,0.0,0.0,0.0,0.0,0.0,0.0,0.0,0.0,0.0,0.0,0.0,0.0,0.0,0.0,0.0,0.0,0.0,0.0,0.0,0.0,0.0,0.0,0.0,0.0,0.0,0.0,0.0,0.0,0.0,0.0,0.0,0.0,0.0,0.0,0.0,0.0,0.0,0.0,0.0,0.0,0.0,0.0,0.0,0.0,0.0,0.0,0.0,0.0,0.0,0.0,0.0,0.0,0.0,0.0,0.0,0.0,0.0,0.0,0.0,0.0,0.0,0.0,0.0,0.0,0.0,0.0,0.0,0.0,0.0,0.0,0.0,0.0,0.0,0.0,0.0,0.0,0.0,0.0,0.0,0.0,0.0,0.0,0.0,0.0,0.0,0.0,0.0,0.0,0.0,0.0,0.0,0.0,0.0,0.0,0.0,0.0,0.0,0.0,0.0,0.0,0.0,0.0,0.0,0.0,0.0,0.0,0.0,0.0,0.0,0.0,0.0,0.0,0.0,0.0,0.0,0.0,0.0,0.0,0.0,0.0,0.0,0.0,0.0,0.0,0.0,0.0,0.0,0.0,0.0,0.0,0.0,0.0,0.0,0.0,0.0,0.0,0.0,0.0,0.0,0.0,0.0,0.0,0.0,0.0,0.0,0.0,0.0,0.0,0.0,0.0,0.0,0.0,0.0,0.0,0.0,0.0,0.0,0.0,0.0,0.0,0.0,0.0,0.0,0.0,0.0,0.0,0.0,0.0,0.0,0.0,0.0,0.0,0.0,0.0,0.0,0.0,0.0,0.0,0.0,0.0,0.0,0.0,0.0,0.0,0.0,0.0,0.0,0.0,0.0,0.0,0.0,0.0,0.0,0.0,0.0,0.0,0.0,0.0,0.0,0.0,0.0,0.0,0.0,0.0,0.0,0.0,0.0,0.0,0.0,0.0,0.0,0.0,0.0,0.0,0.0,0.0,0.0,0.0,0.0,0.0,0.0,0.0,0.0,0.0,0.0
1372.0,291.0,177.0,1265.0,264.0,1372.0,253.0,966.0,443.0,1702.0,566.0,1175.0,224.0,161.0,1368.0,1791.0,341.0,549.0,882.0,1265.0,330.0,1483.0,1005.0,1077.0,669.0,1359.0,1559.0,778.0,1534.0,650.0,424.0,151.0,1026.0,1111.0,1004.0,339.0,178.0,1787.0,1555.0,1530.0,624.0,188.0,2455.0,1372.0,153.0,970.0,986.0,698.0,2094.0,1383.0,981.0,704.0,1358.0,283.0,211.0,916.0,321.0,2892.0,1459.0,165.0,802.0,155.0,894.0,1737.0,2982.0,543.0,1371.0,1558.0,1430.0,1643.0,743.0,157.0,366.0,800.0,608.0,184.0,2144.0,1764.0,1653.0,154.0,1416.0,811.0,944.0,185.0,422.0,795.0,1713.0,250.0,442.0,492.0,1246.0,176.0,869.0,397.0,969.0,821.0,829.0,258.0,933.0,766.0,320.0,905.0,866.0,1372.0,347.0,839.0,1361.0,1432.0,471.0,699.0,1632.0,645.0,1596.0,2180.0,340.0,265.0,854.0,1445.0,1571.0,383.0,239.0,919.0,495.0,309.0,6863.0,476.0,164.0,167.0,295.0,1851.0,758.0,662.0,643.0,1568.0,1556.0,579.0,1336.0,394.0,649.0,220.0,170.0,215.0,1931.0,1359.0,252.0,452.0,567.0,1967.0,1414.0,1416.0,1139.0,424.0,401.0,522.0,164.0,837.0,1817.0,291.0,438.0,497.0,231.0,511.0,969.0,225.0,1101.0,1014.0,2460.0,2554.0,1896.0,494.0,185.0,163.0,1301.0,1481.0,1295.0,905.0,924.0,213.0,169.0,204.0,507.0,160.0,637.0,676.0,716.0,270.0,163.0,619.0,384.0,0.0,0.0,0.0,0.0,0.0,0.0,0.0,0.0,0.0,0.0,0.0,0.0,0.0,0.0,0.0,0.0,0.0,0.0,0.0,0.0,0.0,0.0,0.0,0.0,0.0,0.0,0.0,0.0,0.0,0.0,0.0,0.0,0.0,0.0,0.0,0.0,0.0,0.0,0.0,0.0,0.0,0.0,0.0,0.0,0.0,0.0,0.0,0.0,0.0,0.0,0.0,0.0,0.0,0.0,0.0,0.0,0.0,0.0,0.0,0.0,0.0,0.0,0.0,0.0,0.0,0.0,0.0,0.0,0.0,0.0,0.0,0.0,0.0,0.0,0.0,0.0,0.0,0.0,0.0,0.0,0.0,0.0,0.0,0.0,0.0,0.0,0.0,0.0,0.0,0.0,0.0,0.0,0.0,0.0,0.0,0.0,0.0,0.0,0.0,0.0,0.0,0.0,0.0,0.0,0.0,0.0,0.0,0.0,0.0,0.0,0.0,0.0,0.0,0.0,0.0,0.0,0.0,0.0,0.0,0.0,0.0,0.0,0.0,0.0,0.0,0.0,0.0,0.0,0.0,0.0,0.0,0.0,0.0,0.0,0.0,0.0,0.0,0.0,0.0,0.0,0.0,0.0,0.0,0.0,0.0,0.0,0.0,0.0,0.0,0.0,0.0,0.0,0.0,0.0,0.0,0.0,0.0,0.0,0.0,0.0,0.0,0.0,0.0,0.0,0.0,0.0,0.0,0.0,0.0,0.0,0.0,0.0,0.0,0.0,0.0,0.0,0.0,0.0,0.0,0.0,0.0,0.0,0.0,0.0,0.0,0.0,0.0,0.0,0.0,0.0,0.0,0.0,0.0,0.0,0.0,0.0,0.0,0.0,0.0,0.0,0.0,0.0,0.0,0.0,0.0,0.0,0.0,0.0,0.0,0.0,0.0,0.0,0.0,0.0,0.0,0.0,0.0,0.0,0.0,0.0,0.0,0.0,0.0,0.0,0.0,0.0,0.0,0.0,0.0,0.0,0.0,0.0,0.0,0.0,0.0,0.0,0.0,0.0,0.0,0.0,0.0,0.0,0.0,0.0,0.0,0.0,0.0,0.0,0.0,0.0,0.0,0.0,0.0,0.0,0.0,0.0,0.0,0.0,0.0,0.0,0.0,0.0,0.0,0.0,0.0,0.0,0.0,0.0,0.0,0.0,0.0,0.0,0.0,0.0,0.0,0.0,0.0,0.0,0.0,0.0,0.0,0.0,0.0,0.0,0.0,0.0,0.0,0.0,0.0,0.0
1413.0,327.0,206.0,1371.0,384.0,1497.0,264.0,1032.0,403.0,1714.0,607.0,1236.0,223.0,194.0,1268.0,532.0,392.0,517.0,939.0,1562.0,1374.0,341.0,987.0,1163.0,1213.0,668.0,1442.0,1607.0,780.0,678.0,1559.0,446.0,163.0,1064.0,1114.0,1071.0,357.0,198.0,1795.0,1644.0,795.0,1564.0,177.0,3689.0,2409.0,1075.0,989.0,710.0,2178.0,150.0,1327.0,750.0,1414.0,196.0,441.0,2912.0,155.0,233.0,810.0,1443.0,162.0,945.0,1728.0,2981.0,175.0,583.0,1483.0,1530.0,157.0,1631.0,734.0,1470.0,180.0,459.0,934.0,603.0,243.0,2251.0,192.0,1748.0,1846.0,1458.0,865.0,185.0,1008.0,457.0,796.0,1921.0,249.0,448.0,1195.0,505.0,170.0,867.0,1255.0,787.0,861.0,888.0,1020.0,313.0,921.0,883.0,1381.0,357.0,829.0,1660.0,1482.0,1373.0,500.0,770.0,679.0,1600.0,2193.0,340.0,269.0,830.0,1409.0,409.0,535.0,1553.0,266.0,944.0,337.0,6892.0,486.0,165.0,2156.0,741.0,240.0,644.0,688.0,1552.0,1595.0,596.0,358.0,1681.0,660.0,223.0,207.0,231.0,1910.0,190.0,1288.0,613.0,467.0,1956.0,1535.0,1317.0,1148.0,422.0,425.0,511.0,163.0,885.0,1842.0,273.0,468.0,426.0,242.0,999.0,501.0,217.0,1038.0,1033.0,2444.0,2415.0,1904.0,503.0,167.0,183.0,1292.0,1586.0,938.0,1315.0,963.0,197.0,169.0,496.0,666.0,599.0,154.0,150.0,687.0,595.0,166.0,322.0,0.0,0.0,0.0,0.0,0.0,0.0,0.0,0.0,0.0,0.0,0.0,0.0,0.0,0.0,0.0,0.0,0.0,0.0,0.0,0.0,0.0,0.0,0.0,0.0,0.0,0.0,0.0,0.0,0.0,0.0,0.0,0.0,0.0,0.0,0.0,0.0,0.0,0.0,0.0,0.0,0.0,0.0,0.0,0.0,0.0,0.0,0.0,0.0,0.0,0.0,0.0,0.0,0.0,0.0,0.0,0.0,0.0,0.0,0.0,0.0,0.0,0.0,0.0,0.0,0.0,0.0,0.0,0.0,0.0,0.0,0.0,0.0,0.0,0.0,0.0,0.0,0.0,0.0,0.0,0.0,0.0,0.0,0.0,0.0,0.0,0.0,0.0,0.0,0.0,0.0,0.0,0.0,0.0,0.0,0.0,0.0,0.0,0.0,0.0,0.0,0.0,0.0,0.0,0.0,0.0,0.0,0.0,0.0,0.0,0.0,0.0,0.0,0.0,0.0,0.0,0.0,0.0,0.0,0.0,0.0,0.0,0.0,0.0,0.0,0.0,0.0,0.0,0.0,0.0,0.0,0.0,0.0,0.0,0.0,0.0,0.0,0.0,0.0,0.0,0.0,0.0,0.0,0.0,0.0,0.0,0.0,0.0,0.0,0.0,0.0,0.0,0.0,0.0,0.0,0.0,0.0,0.0,0.0,0.0,0.0,0.0,0.0,0.0,0.0,0.0,0.0,0.0,0.0,0.0,0.0,0.0,0.0,0.0,0.0,0.0,0.0,0.0,0.0,0.0,0.0,0.0,0.0,0.0,0.0,0.0,0.0,0.0,0.0,0.0,0.0,0.0,0.0,0.0,0.0,0.0,0.0,0.0,0.0,0.0,0.0,0.0,0.0,0.0,0.0,0.0,0.0,0.0,0.0,0.0,0.0,0.0,0.0,0.0,0.0,0.0,0.0,0.0,0.0,0.0,0.0,0.0,0.0,0.0,0.0,0.0,0.0,0.0,0.0,0.0,0.0,0.0,0.0,0.0,0.0,0.0,0.0,0.0,0.0,0.0,0.0,0.0,0.0,0.0,0.0,0.0,0.0,0.0,0.0,0.0,0.0,0.0,0.0,0.0,0.0,0.0,0.0,0.0,0.0,0.0,0.0,0.0,0.0,0.0,0.0,0.0,0.0,0.0,0.0,0.0,0.0,0.0,0.0,0.0,0.0,0.0,0.0,0.0,0.0,0.0,0.0,0.0,0.0,0.0,0.0,0.0,0.0,0.0,0.0,0.0,0.0,0.0,0.0,0.0
